"Entity,Day,""Daily new confirmed cases of COVID-19 per million people in Germany"""
Germany,2020-03-01,0.23615229
Germany,2020-03-02,0.23615229
Germany,2020-03-03,0.23615229
Germany,2020-03-04,0.23615229
Germany,2020-03-05,0.23615229
Germany,2020-03-06,0.23615229
Germany,2020-03-07,0.23615229
Germany,2020-03-08,1.5375383
Germany,2020-03-09,1.5375383
Germany,2020-03-10,1.5375383
Germany,2020-03-11,1.5375383
Germany,2020-03-12,1.5375383
Germany,2020-03-13,1.5375383
Germany,2020-03-14,1.5375383
Germany,2020-03-15,10.942855
Germany,2020-03-16,10.942855
Germany,2020-03-17,10.942855
Germany,2020-03-18,10.942855
Germany,2020-03-19,10.942855
Germany,2020-03-20,10.942855
Germany,2020-03-21,10.942855
Germany,2020-03-22,38.06809
Germany,2020-03-23,38.06809
Germany,2020-03-24,38.06809
Germany,2020-03-25,38.06809
Germany,2020-03-26,38.06809
Germany,2020-03-27,38.06809
Germany,2020-03-28,38.06809
Germany,2020-03-29,57.73159
Germany,2020-03-30,57.73159
Germany,2020-03-31,57.73159
Germany,2020-04-01,57.73159
Germany,2020-04-02,57.73159
Germany,2020-04-03,57.73159
Germany,2020-04-04,57.73159
Germany,2020-04-05,61.275574
Germany,2020-04-06,61.275574
Germany,2020-04-07,61.275574
Germany,2020-04-08,61.275574
Germany,2020-04-09,61.275574
Germany,2020-04-10,61.275574
Germany,2020-04-11,61.275574
Germany,2020-04-12,46.117653
Germany,2020-04-13,46.117653
Germany,2020-04-14,46.117653
Germany,2020-04-15,46.117653
Germany,2020-04-16,46.117653
Germany,2020-04-17,46.117653
Germany,2020-04-18,46.117653
Germany,2020-04-19,29.468067
Germany,2020-04-20,29.468067
Germany,2020-04-21,29.468067
Germany,2020-04-22,29.468067
Germany,2020-04-23,29.468067
Germany,2020-04-24,29.468067
Germany,2020-04-25,29.468067
Germany,2020-04-26,20.983576
Germany,2020-04-27,20.983576
Germany,2020-04-28,20.983576
Germany,2020-04-29,20.983576
Germany,2020-04-30,20.983576
Germany,2020-05-01,20.983576
Germany,2020-05-02,20.983576
Germany,2020-05-03,12.643492
Germany,2020-05-04,12.643492
Germany,2020-05-05,12.643492
Germany,2020-05-06,12.643492
Germany,2020-05-07,12.643492
Germany,2020-05-08,12.643492
Germany,2020-05-09,12.643492
Germany,2020-05-10,10.606465
Germany,2020-05-11,10.606465
Germany,2020-05-12,10.606465
Germany,2020-05-13,10.606465
Germany,2020-05-14,10.606465
Germany,2020-05-15,10.606465
Germany,2020-05-16,10.606465
Germany,2020-05-17,8.112426
Germany,2020-05-18,8.112426
Germany,2020-05-19,8.112426
Germany,2020-05-20,8.112426
Germany,2020-05-21,8.112426
Germany,2020-05-22,8.112426
Germany,2020-05-23,8.112426
Germany,2020-05-24,6.12297
Germany,2020-05-25,6.12297
Germany,2020-05-26,6.12297
Germany,2020-05-27,6.12297
Germany,2020-05-28,6.12297
Germany,2020-05-29,6.12297
Germany,2020-05-30,6.12297
Germany,2020-05-31,5.446793
Germany,2020-06-01,5.446793
Germany,2020-06-02,5.446793
Germany,2020-06-03,5.446793
Germany,2020-06-04,5.446793
Germany,2020-06-05,5.446793
Germany,2020-06-06,5.446793
Germany,2020-06-07,3.9992986
Germany,2020-06-08,3.9992986
Germany,2020-06-09,3.9992986
Germany,2020-06-10,3.9992986
Germany,2020-06-11,3.9992986
Germany,2020-06-12,3.9992986
Germany,2020-06-13,3.9992986
Germany,2020-06-14,3.9891047
Germany,2020-06-15,3.9891047
Germany,2020-06-16,3.9891047
Germany,2020-06-17,3.9891047
Germany,2020-06-18,3.9891047
Germany,2020-06-19,3.9891047
Germany,2020-06-20,3.9891047
Germany,2020-06-21,7.1219454
Germany,2020-06-22,7.1219454
Germany,2020-06-23,7.1219454
Germany,2020-06-24,7.1219454
Germany,2020-06-25,7.1219454
Germany,2020-06-26,7.1219454
Germany,2020-06-27,7.1219454
Germany,2020-06-28,5.3805346
Germany,2020-06-29,5.3805346
Germany,2020-06-30,5.3805346
Germany,2020-07-01,5.3805346
Germany,2020-07-02,5.3805346
Germany,2020-07-03,5.3805346
Germany,2020-07-04,5.3805346
Germany,2020-07-05,4.5718403
Germany,2020-07-06,4.5718403
Germany,2020-07-07,4.5718403
Germany,2020-07-08,4.5718403
Germany,2020-07-09,4.5718403
Germany,2020-07-10,4.5718403
Germany,2020-07-11,4.5718403
Germany,2020-07-12,4.126719
Germany,2020-07-13,4.126719
Germany,2020-07-14,4.126719
Germany,2020-07-15,4.126719
Germany,2020-07-16,4.126719
Germany,2020-07-17,4.126719
Germany,2020-07-18,4.126719
Germany,2020-07-19,5.171565
Germany,2020-07-20,5.171565
Germany,2020-07-21,5.171565
Germany,2020-07-22,5.171565
Germany,2020-07-23,5.171565
Germany,2020-07-24,5.171565
Germany,2020-07-25,5.171565
Germany,2020-07-26,6.6870174
Germany,2020-07-27,6.6870174
Germany,2020-07-28,6.6870174
Germany,2020-07-29,6.6870174
Germany,2020-07-30,6.6870174
Germany,2020-07-31,6.6870174
Germany,2020-08-01,6.6870174
Germany,2020-08-02,8.227954
Germany,2020-08-03,8.227954
Germany,2020-08-04,8.227954
Germany,2020-08-05,8.227954
Germany,2020-08-06,8.227954
Germany,2020-08-07,8.227954
Germany,2020-08-08,8.227954
Germany,2020-08-09,10.307453
Germany,2020-08-10,10.307453
Germany,2020-08-11,10.307453
Germany,2020-08-12,10.307453
Germany,2020-08-13,10.307453
Germany,2020-08-14,10.307453
Germany,2020-08-15,10.307453
Germany,2020-08-16,13.54223
Germany,2020-08-17,13.54223
Germany,2020-08-18,13.54223
Germany,2020-08-19,13.54223
Germany,2020-08-20,13.54223
Germany,2020-08-21,13.54223
Germany,2020-08-22,13.54223
Germany,2020-08-23,16.27582
Germany,2020-08-24,16.27582
Germany,2020-08-25,16.27582
Germany,2020-08-26,16.27582
Germany,2020-08-27,16.27582
Germany,2020-08-28,16.27582
Germany,2020-08-29,16.27582
Germany,2020-08-30,15.025402
Germany,2020-08-31,15.025402
Germany,2020-09-01,15.025402
Germany,2020-09-02,15.025402
Germany,2020-09-03,15.025402
Germany,2020-09-04,15.025402
Germany,2020-09-05,15.025402
Germany,2020-09-06,14.626151
Germany,2020-09-07,14.626151
Germany,2020-09-08,14.626151
Germany,2020-09-09,14.626151
Germany,2020-09-10,14.626151
Germany,2020-09-11,14.626151
Germany,2020-09-12,14.626151
Germany,2020-09-13,16.624102
Germany,2020-09-14,16.624102
Germany,2020-09-15,16.624102
Germany,2020-09-16,16.624102
Germany,2020-09-17,16.624102
Germany,2020-09-18,16.624102
Germany,2020-09-19,16.624102
Germany,2020-09-20,20.871445
Germany,2020-09-21,20.871445
Germany,2020-09-22,20.871445
Germany,2020-09-23,20.871445
Germany,2020-09-24,20.871445
Germany,2020-09-25,20.871445
Germany,2020-09-26,20.871445
Germany,2020-09-27,22.194918
Germany,2020-09-28,22.194918
Germany,2020-09-29,22.194918
Germany,2020-09-30,22.194918
Germany,2020-10-01,22.194918
Germany,2020-10-02,22.194918
Germany,2020-10-03,22.194918
Germany,2020-10-04,27.091255
Germany,2020-10-05,27.091255
Germany,2020-10-06,27.091255
Germany,2020-10-07,27.091255
Germany,2020-10-08,27.091255
Germany,2020-10-09,27.091255
Germany,2020-10-10,27.091255
Germany,2020-10-11,44.418716
Germany,2020-10-12,44.418716
Germany,2020-10-13,44.418716
Germany,2020-10-14,44.418716
Germany,2020-10-15,44.418716
Germany,2020-10-16,44.418716
Germany,2020-10-17,44.418716
Germany,2020-10-18,71.408035
Germany,2020-10-19,71.408035
Germany,2020-10-20,71.408035
Germany,2020-10-21,71.408035
Germany,2020-10-22,71.408035
Germany,2020-10-23,71.408035
Germany,2020-10-24,71.408035
Germany,2020-10-25,127.06692
Germany,2020-10-26,127.06692
Germany,2020-10-27,127.06692
Germany,2020-10-28,127.06692
Germany,2020-10-29,127.06692
Germany,2020-10-30,127.06692
Germany,2020-10-31,127.06692
Germany,2020-11-01,188.59734
Germany,2020-11-02,188.59734
Germany,2020-11-03,188.59734
Germany,2020-11-04,188.59734
Germany,2020-11-05,188.59734
Germany,2020-11-06,188.59734
Germany,2020-11-07,188.59734
Germany,2020-11-08,213.54283
Germany,2020-11-09,213.54283
Germany,2020-11-10,213.54283
Germany,2020-11-11,213.54283
Germany,2020-11-12,213.54283
Germany,2020-11-13,213.54283
Germany,2020-11-14,213.54283
Germany,2020-11-15,217.22952
Germany,2020-11-16,217.22952
Germany,2020-11-17,217.22952
Germany,2020-11-18,217.22952
Germany,2020-11-19,217.22952
Germany,2020-11-20,217.22952
Germany,2020-11-21,217.22952
Germany,2020-11-22,218.14355
Germany,2020-11-23,218.14355
Germany,2020-11-24,218.14355
Germany,2020-11-25,218.14355
Germany,2020-11-26,218.14355
Germany,2020-11-27,218.14355
Germany,2020-11-28,218.14355
Germany,2020-11-29,209.17656
Germany,2020-11-30,209.17656
Germany,2020-12-01,209.17656
Germany,2020-12-02,209.17656
Germany,2020-12-03,209.17656
Germany,2020-12-04,209.17656
Germany,2020-12-05,209.17656
Germany,2020-12-06,217.9023
Germany,2020-12-07,217.9023
Germany,2020-12-08,217.9023
Germany,2020-12-09,217.9023
Germany,2020-12-10,217.9023
Germany,2020-12-11,217.9023
Germany,2020-12-12,217.9023
Germany,2020-12-13,265.3961
Germany,2020-12-14,265.3961
Germany,2020-12-15,265.3961
Germany,2020-12-16,265.3961
Germany,2020-12-17,265.3961
Germany,2020-12-18,265.3961
Germany,2020-12-19,265.3961
Germany,2020-12-20,296.61578
Germany,2020-12-21,296.61578
Germany,2020-12-22,296.61578
Germany,2020-12-23,296.61578
Germany,2020-12-24,296.61578
Germany,2020-12-25,296.61578
Germany,2020-12-26,296.61578
Germany,2020-12-27,235.86008
Germany,2020-12-28,235.86008
Germany,2020-12-29,235.86008
Germany,2020-12-30,235.86008
Germany,2020-12-31,235.86008
Germany,2021-01-01,235.86008
Germany,2021-01-02,235.86008
Germany,2021-01-03,208.88943
Germany,2021-01-04,208.88943
Germany,2021-01-05,208.88943
Germany,2021-01-06,208.88943
Germany,2021-01-07,208.88943
Germany,2021-01-08,208.88943
Germany,2021-01-09,208.88943
Germany,2021-01-10,247.20387
Germany,2021-01-11,247.20387
Germany,2021-01-12,247.20387
Germany,2021-01-13,247.20387
Germany,2021-01-14,247.20387
Germany,2021-01-15,247.20387
Germany,2021-01-16,247.20387
Germany,2021-01-17,202.05292
Germany,2021-01-18,202.05292
Germany,2021-01-19,202.05292
Germany,2021-01-20,202.05292
Germany,2021-01-21,202.05292
Germany,2021-01-22,202.05292
Germany,2021-01-23,202.05292
Germany,2021-01-24,162.33856
Germany,2021-01-25,162.33856
Germany,2021-01-26,162.33856
Germany,2021-01-27,162.33856
Germany,2021-01-28,162.33856
Germany,2021-01-29,162.33856
Germany,2021-01-30,162.33856
Germany,2021-01-31,132.80933
Germany,2021-02-01,132.80933
Germany,2021-02-02,132.80933
Germany,2021-02-03,132.80933
Germany,2021-02-04,132.80933
Germany,2021-02-05,132.80933
Germany,2021-02-06,132.80933
Germany,2021-02-07,109.74455
Germany,2021-02-08,109.74455
Germany,2021-02-09,109.74455
Germany,2021-02-10,109.74455
Germany,2021-02-11,109.74455
Germany,2021-02-12,109.74455
Germany,2021-02-13,109.74455
Germany,2021-02-14,86.35189
Germany,2021-02-15,86.35189
Germany,2021-02-16,86.35189
Germany,2021-02-17,86.35189
Germany,2021-02-18,86.35189
Germany,2021-02-19,86.35189
Germany,2021-02-20,86.35189
Germany,2021-02-21,88.903694
Germany,2021-02-22,88.903694
Germany,2021-02-23,88.903694
Germany,2021-02-24,88.903694
Germany,2021-02-25,88.903694
Germany,2021-02-26,88.903694
Germany,2021-02-27,88.903694
Germany,2021-02-28,95.745316
Germany,2021-03-01,95.745316
Germany,2021-03-02,95.745316
Germany,2021-03-03,95.745316
Germany,2021-03-04,95.745316
Germany,2021-03-05,95.745316
Germany,2021-03-06,95.745316
Germany,2021-03-07,99.260414
Germany,2021-03-08,99.260414
Germany,2021-03-09,99.260414
Germany,2021-03-10,99.260414
Germany,2021-03-11,99.260414
Germany,2021-03-12,99.260414
Germany,2021-03-13,99.260414
Germany,2021-03-14,121.28883
Germany,2021-03-15,121.28883
Germany,2021-03-16,121.28883
Germany,2021-03-17,121.28883
Germany,2021-03-18,121.28883
Germany,2021-03-19,121.28883
Germany,2021-03-20,121.28883
Germany,2021-03-21,157.3386
Germany,2021-03-22,157.3386
Germany,2021-03-23,157.3386
Germany,2021-03-24,157.3386
Germany,2021-03-25,157.3386
Germany,2021-03-26,157.3386
Germany,2021-03-27,157.3386
Germany,2021-03-28,197.6017
Germany,2021-03-29,197.6017
Germany,2021-03-30,197.6017
Germany,2021-03-31,197.6017
Germany,2021-04-01,197.6017
Germany,2021-04-02,197.6017
Germany,2021-04-03,197.6017
Germany,2021-04-04,186.895
Germany,2021-04-05,186.895
Germany,2021-04-06,186.895
Germany,2021-04-07,186.895
Germany,2021-04-08,186.895
Germany,2021-04-09,186.895
Germany,2021-04-10,186.895
Germany,2021-04-11,200.794
Germany,2021-04-12,200.794
Germany,2021-04-13,200.794
Germany,2021-04-14,200.794
Germany,2021-04-15,200.794
Germany,2021-04-16,200.794
Germany,2021-04-17,200.794
Germany,2021-04-18,241.28477
Germany,2021-04-19,241.28477
Germany,2021-04-20,241.28477
Germany,2021-04-21,241.28477
Germany,2021-04-22,241.28477
Germany,2021-04-23,241.28477
Germany,2021-04-24,241.28477
Germany,2021-04-25,245.79886
Germany,2021-04-26,245.79886
Germany,2021-04-27,245.79886
Germany,2021-04-28,245.79886
Germany,2021-04-29,245.79886
Germany,2021-04-30,245.79886
Germany,2021-05-01,245.79886
Germany,2021-05-02,211.8303
Germany,2021-05-03,211.8303
Germany,2021-05-04,211.8303
Germany,2021-05-05,211.8303
Germany,2021-05-06,211.8303
Germany,2021-05-07,211.8303
Germany,2021-05-08,211.8303
Germany,2021-05-09,171.33273
Germany,2021-05-10,171.33273
Germany,2021-05-11,171.33273
Germany,2021-05-12,171.33273
Germany,2021-05-13,171.33273
Germany,2021-05-14,171.33273
Germany,2021-05-15,171.33273
Germany,2021-05-16,120.19302
Germany,2021-05-17,120.19302
Germany,2021-05-18,120.19302
Germany,2021-05-19,120.19302
Germany,2021-05-20,120.19302
Germany,2021-05-21,120.19302
Germany,2021-05-22,120.19302
Germany,2021-05-23,89.48303
Germany,2021-05-24,89.48303
Germany,2021-05-25,89.48303
Germany,2021-05-26,89.48303
Germany,2021-05-27,89.48303
Germany,2021-05-28,89.48303
Germany,2021-05-29,89.48303
Germany,2021-05-30,50.74216
Germany,2021-05-31,50.74216
Germany,2021-06-01,50.74216
Germany,2021-06-02,50.74216
Germany,2021-06-03,50.74216
Germany,2021-06-04,50.74216
Germany,2021-06-05,50.74216
Germany,2021-06-06,35.134026
Germany,2021-06-07,35.134026
Germany,2021-06-08,35.134026
Germany,2021-06-09,35.134026
Germany,2021-06-10,35.134026
Germany,2021-06-11,35.134026
Germany,2021-06-12,35.134026
Germany,2021-06-13,23.890457
Germany,2021-06-14,23.890457
Germany,2021-06-15,23.890457
Germany,2021-06-16,23.890457
Germany,2021-06-17,23.890457
Germany,2021-06-18,23.890457
Germany,2021-06-19,23.890457
Germany,2021-06-20,12.376759
Germany,2021-06-21,12.376759
Germany,2021-06-22,12.376759
Germany,2021-06-23,12.376759
Germany,2021-06-24,12.376759
Germany,2021-06-25,12.376759
Germany,2021-06-26,12.376759
Germany,2021-06-27,8.2551365
Germany,2021-06-28,8.2551365
Germany,2021-06-29,8.2551365
Germany,2021-06-30,8.2551365
Germany,2021-07-01,8.2551365
Germany,2021-07-02,8.2551365
Germany,2021-07-03,8.2551365
Germany,2021-07-04,7.454937
Germany,2021-07-05,7.454937
Germany,2021-07-06,7.454937
Germany,2021-07-07,7.454937
Germany,2021-07-08,7.454937
Germany,2021-07-09,7.454937
Germany,2021-07-10,7.454937
Germany,2021-07-11,9.508952
Germany,2021-07-12,9.508952
Germany,2021-07-13,9.508952
Germany,2021-07-14,9.508952
Germany,2021-07-15,9.508952
Germany,2021-07-16,9.508952
Germany,2021-07-17,9.508952
Germany,2021-07-18,15.482416
Germany,2021-07-19,15.482416
Germany,2021-07-20,15.482416
Germany,2021-07-21,15.482416
Germany,2021-07-22,15.482416
Germany,2021-07-23,15.482416
Germany,2021-07-24,15.482416
Germany,2021-07-25,21.484762
Germany,2021-07-26,21.484762
Germany,2021-07-27,21.484762
Germany,2021-07-28,21.484762
Germany,2021-07-29,21.484762
Germany,2021-07-30,21.484762
Germany,2021-07-31,21.484762
Germany,2021-08-01,26.370905
Germany,2021-08-02,26.370905
Germany,2021-08-03,26.370905
Germany,2021-08-04,26.370905
Germany,2021-08-05,26.370905
Germany,2021-08-06,26.370905
Germany,2021-08-07,26.370905
Germany,2021-08-08,34.697395
Germany,2021-08-09,34.697395
Germany,2021-08-10,34.697395
Germany,2021-08-11,34.697395
Germany,2021-08-12,34.697395
Germany,2021-08-13,34.697395
Germany,2021-08-14,34.697395
Germany,2021-08-15,54.49681
Germany,2021-08-16,54.49681
Germany,2021-08-17,54.49681
Germany,2021-08-18,54.49681
Germany,2021-08-19,54.49681
Germany,2021-08-20,54.49681
Germany,2021-08-21,54.49681
Germany,2021-08-22,84.35564
Germany,2021-08-23,84.35564
Germany,2021-08-24,84.35564
Germany,2021-08-25,84.35564
Germany,2021-08-26,84.35564
Germany,2021-08-27,84.35564
Germany,2021-08-28,84.35564
Germany,2021-08-29,112.76017
Germany,2021-08-30,112.76017
Germany,2021-08-31,112.76017
Germany,2021-09-01,112.76017
Germany,2021-09-02,112.76017
Germany,2021-09-03,112.76017
Germany,2021-09-04,112.76017
Germany,2021-09-05,126.97348
Germany,2021-09-06,126.97348
Germany,2021-09-07,126.97348
Germany,2021-09-08,126.97348
Germany,2021-09-09,126.97348
Germany,2021-09-10,126.97348
Germany,2021-09-11,126.97348
Germany,2021-09-12,121.73905
Germany,2021-09-13,121.73905
Germany,2021-09-14,121.73905
Germany,2021-09-15,121.73905
Germany,2021-09-16,121.73905
Germany,2021-09-17,121.73905
Germany,2021-09-18,121.73905
Germany,2021-09-19,104.43538
Germany,2021-09-20,104.43538
Germany,2021-09-21,104.43538
Germany,2021-09-22,104.43538
Germany,2021-09-23,104.43538
Germany,2021-09-24,104.43538
Germany,2021-09-25,104.43538
Germany,2021-09-26,91.10212
Germany,2021-09-27,91.10212
Germany,2021-09-28,91.10212
Germany,2021-09-29,91.10212
Germany,2021-09-30,91.10212
Germany,2021-10-01,91.10212
Germany,2021-10-02,91.10212
Germany,2021-10-03,95.95768
Germany,2021-10-04,95.95768
Germany,2021-10-05,95.95768
Germany,2021-10-06,95.95768
Germany,2021-10-07,95.95768
Germany,2021-10-08,95.95768
Germany,2021-10-09,95.95768
Germany,2021-10-10,98.58084
Germany,2021-10-11,98.58084
Germany,2021-10-12,98.58084
Germany,2021-10-13,98.58084
Germany,2021-10-14,98.58084
Germany,2021-10-15,98.58084
Germany,2021-10-16,98.58084
Germany,2021-10-17,111.04085
Germany,2021-10-18,111.04085
Germany,2021-10-19,111.04085
Germany,2021-10-20,111.04085
Germany,2021-10-21,111.04085
Germany,2021-10-22,111.04085
Germany,2021-10-23,111.04085
Germany,2021-10-24,166.02525
Germany,2021-10-25,166.02525
Germany,2021-10-26,166.02525
Germany,2021-10-27,166.02525
Germany,2021-10-28,166.02525
Germany,2021-10-29,166.02525
Germany,2021-10-30,166.02525
Germany,2021-10-31,232.7731
Germany,2021-11-01,232.7731
Germany,2021-11-02,232.7731
Germany,2021-11-03,232.7731
Germany,2021-11-04,232.7731
Germany,2021-11-05,232.7731
Germany,2021-11-06,232.7731
Germany,2021-11-07,302.18658
Germany,2021-11-08,302.18658
Germany,2021-11-09,302.18658
Germany,2021-11-10,302.18658
Germany,2021-11-11,302.18658
Germany,2021-11-12,302.18658
Germany,2021-11-13,302.18658
Germany,2021-11-14,460.70764
Germany,2021-11-15,460.70764
Germany,2021-11-16,460.70764
Germany,2021-11-17,460.70764
Germany,2021-11-18,460.70764
Germany,2021-11-19,460.70764
Germany,2021-11-20,460.70764
Germany,2021-11-21,597.4381
Germany,2021-11-22,597.4381
Germany,2021-11-23,597.4381
Germany,2021-11-24,597.4381
Germany,2021-11-25,597.4381
Germany,2021-11-26,597.4381
Germany,2021-11-27,597.4381
Germany,2021-11-28,685.263
Germany,2021-11-29,685.263
Germany,2021-11-30,685.263
Germany,2021-12-01,685.263
Germany,2021-12-02,685.263
Germany,2021-12-03,685.263
Germany,2021-12-04,685.263
Germany,2021-12-05,659.2794
Germany,2021-12-06,659.2794
Germany,2021-12-07,659.2794
Germany,2021-12-08,659.2794
Germany,2021-12-09,659.2794
Germany,2021-12-10,659.2794
Germany,2021-12-11,659.2794
Germany,2021-12-12,574.2544
Germany,2021-12-13,574.2544
Germany,2021-12-14,574.2544
Germany,2021-12-15,574.2544
Germany,2021-12-16,574.2544
Germany,2021-12-17,574.2544
Germany,2021-12-18,574.2544
Germany,2021-12-19,464.66446
Germany,2021-12-20,464.66446
Germany,2021-12-21,464.66446
Germany,2021-12-22,464.66446
Germany,2021-12-23,464.66446
Germany,2021-12-24,464.66446
Germany,2021-12-25,464.66446
Germany,2021-12-26,329.3084
Germany,2021-12-27,329.3084
Germany,2021-12-28,329.3084
Germany,2021-12-29,329.3084
Germany,2021-12-30,329.3084
Germany,2021-12-31,329.3084
Germany,2022-01-01,329.3084
Germany,2022-01-02,354.56143
Germany,2022-01-03,354.56143
Germany,2022-01-04,354.56143
Germany,2022-01-05,354.56143
Germany,2022-01-06,354.56143
Germany,2022-01-07,354.56143
Germany,2022-01-08,354.56143
Germany,2022-01-09,574.04034
Germany,2022-01-10,574.04034
Germany,2022-01-11,574.04034
Germany,2022-01-12,574.04034
Germany,2022-01-13,574.04034
Germany,2022-01-14,574.04034
Germany,2022-01-15,574.04034
Germany,2022-01-16,825.8942
Germany,2022-01-17,825.8942
Germany,2022-01-18,825.8942
Germany,2022-01-19,825.8942
Germany,2022-01-20,825.8942
Germany,2022-01-21,825.8942
Germany,2022-01-22,825.8942
Germany,2022-01-23,1353.7388
Germany,2022-01-24,1353.7388
Germany,2022-01-25,1353.7388
Germany,2022-01-26,1353.7388
Germany,2022-01-27,1353.7388
Germany,2022-01-28,1353.7388
Germany,2022-01-29,1353.7388
Germany,2022-01-30,1893.2142
Germany,2022-01-31,1893.2142
Germany,2022-02-01,1893.2142
Germany,2022-02-02,1893.2142
Germany,2022-02-03,1893.2142
Germany,2022-02-04,1893.2142
Germany,2022-02-05,1893.2142
Germany,2022-02-06,2196.2842
Germany,2022-02-07,2196.2842
Germany,2022-02-08,2196.2842
Germany,2022-02-09,2196.2842
Germany,2022-02-10,2196.2842
Germany,2022-02-11,2196.2842
Germany,2022-02-12,2196.2842
Germany,2022-02-13,2225.3445
Germany,2022-02-14,2225.3445
Germany,2022-02-15,2225.3445
Germany,2022-02-16,2225.3445
Germany,2022-02-17,2225.3445
Germany,2022-02-18,2225.3445
Germany,2022-02-19,2225.3445
Germany,2022-02-20,2027.2926
Germany,2022-02-21,2027.2926
Germany,2022-02-22,2027.2926
Germany,2022-02-23,2027.2926
Germany,2022-02-24,2027.2926
Germany,2022-02-25,2027.2926
Germany,2022-02-26,2027.2926
Germany,2022-02-27,1857.0964
Germany,2022-02-28,1857.0964
Germany,2022-03-01,1857.0964
Germany,2022-03-02,1857.0964
Germany,2022-03-03,1857.0964
Germany,2022-03-04,1857.0964
Germany,2022-03-05,1857.0964
Germany,2022-03-06,1926.6102
Germany,2022-03-07,1926.6102
Germany,2022-03-08,1926.6102
Germany,2022-03-09,1926.6102
Germany,2022-03-10,1926.6102
Germany,2022-03-11,1926.6102
Germany,2022-03-12,1926.6102
Germany,2022-03-13,2402.0356
Germany,2022-03-14,2402.0356
Germany,2022-03-15,2402.0356
Germany,2022-03-16,2402.0356
Germany,2022-03-17,2402.0356
Germany,2022-03-18,2402.0356
Germany,2022-03-19,2402.0356
Germany,2022-03-20,2688.5752
Germany,2022-03-21,2688.5752
Germany,2022-03-22,2688.5752
Germany,2022-03-23,2688.5752
Germany,2022-03-24,2688.5752
Germany,2022-03-25,2688.5752
Germany,2022-03-26,2688.5752
Germany,2022-03-27,2699.4263
Germany,2022-03-28,2699.4263
Germany,2022-03-29,2699.4263
Germany,2022-03-30,2699.4263
Germany,2022-03-31,2699.4263
Germany,2022-04-01,2699.4263
Germany,2022-04-02,2699.4263
Germany,2022-04-03,2200.3362
Germany,2022-04-04,2200.3362
Germany,2022-04-05,2200.3362
Germany,2022-04-06,2200.3362
Germany,2022-04-07,2200.3362
Germany,2022-04-08,2200.3362
Germany,2022-04-09,2200.3362
Germany,2022-04-10,1672.7737
Germany,2022-04-11,1672.7737
Germany,2022-04-12,1672.7737
Germany,2022-04-13,1672.7737
Germany,2022-04-14,1672.7737
Germany,2022-04-15,1672.7737
Germany,2022-04-16,1672.7737
Germany,2022-04-17,1323.3838
Germany,2022-04-18,1323.3838
Germany,2022-04-19,1323.3838
Germany,2022-04-20,1323.3838
Germany,2022-04-21,1323.3838
Germany,2022-04-22,1323.3838
Germany,2022-04-23,1323.3838
Germany,2022-04-24,1242.771
Germany,2022-04-25,1242.771
Germany,2022-04-26,1242.771
Germany,2022-04-27,1242.771
Germany,2022-04-28,1242.771
Germany,2022-04-29,1242.771
Germany,2022-04-30,1242.771
Germany,2022-05-01,1014.1246
Germany,2022-05-02,1014.1246
Germany,2022-05-03,1014.1246
Germany,2022-05-04,1014.1246
Germany,2022-05-05,1014.1246
Germany,2022-05-06,1014.1246
Germany,2022-05-07,1014.1246
Germany,2022-05-08,800.947
Germany,2022-05-09,800.947
Germany,2022-05-10,800.947
Germany,2022-05-11,800.947
Germany,2022-05-12,800.947
Germany,2022-05-13,800.947
Germany,2022-05-14,800.947
Germany,2022-05-15,694.4321
Germany,2022-05-16,694.4321
Germany,2022-05-17,694.4321
Germany,2022-05-18,694.4321
Germany,2022-05-19,694.4321
Germany,2022-05-20,694.4321
Germany,2022-05-21,694.4321
Germany,2022-05-22,496.94766
Germany,2022-05-23,496.94766
Germany,2022-05-24,496.94766
Germany,2022-05-25,496.94766
Germany,2022-05-26,496.94766
Germany,2022-05-27,496.94766
Germany,2022-05-28,496.94766
Germany,2022-05-29,317.9714
Germany,2022-05-30,317.9714
Germany,2022-05-31,317.9714
Germany,2022-06-01,317.9714
Germany,2022-06-02,317.9714
Germany,2022-06-03,317.9714
Germany,2022-06-04,317.9714
Germany,2022-06-05,416.4792
Germany,2022-06-06,416.4792
Germany,2022-06-07,416.4792
Germany,2022-06-08,416.4792
Germany,2022-06-09,416.4792
Germany,2022-06-10,416.4792
Germany,2022-06-11,416.4792
Germany,2022-06-12,563.0856
Germany,2022-06-13,563.0856
Germany,2022-06-14,563.0856
Germany,2022-06-15,563.0856
Germany,2022-06-16,563.0856
Germany,2022-06-17,563.0856
Germany,2022-06-18,563.0856
Germany,2022-06-19,703.00494
Germany,2022-06-20,703.00494
Germany,2022-06-21,703.00494
Germany,2022-06-22,703.00494
Germany,2022-06-23,703.00494
Germany,2022-06-24,703.00494
Germany,2022-06-25,703.00494
Germany,2022-06-26,975.57227
Germany,2022-06-27,975.57227
Germany,2022-06-28,975.57227
Germany,2022-06-29,975.57227
Germany,2022-06-30,975.57227
Germany,2022-07-01,975.57227
Germany,2022-07-02,975.57227
Germany,2022-07-03,1058.0574
Germany,2022-07-04,1058.0574
Germany,2022-07-05,1058.0574
Germany,2022-07-06,1058.0574
Germany,2022-07-07,1058.0574
Germany,2022-07-08,1058.0574
Germany,2022-07-09,1058.0574
Germany,2022-07-10,1069.2245
Germany,2022-07-11,1069.2245
Germany,2022-07-12,1069.2245
Germany,2022-07-13,1069.2245
Germany,2022-07-14,1069.2245
Germany,2022-07-15,1069.2245
Germany,2022-07-16,1069.2245
Germany,2022-07-17,1147.0035
Germany,2022-07-18,1147.0035
Germany,2022-07-19,1147.0035
Germany,2022-07-20,1147.0035
Germany,2022-07-21,1147.0035
Germany,2022-07-22,1147.0035
Germany,2022-07-23,1147.0035
Germany,2022-07-24,1065.5378
Germany,2022-07-25,1065.5378
Germany,2022-07-26,1065.5378
Germany,2022-07-27,1065.5378
Germany,2022-07-28,1065.5378
Germany,2022-07-29,1065.5378
Germany,2022-07-30,1065.5378
Germany,2022-07-31,842.2125
Germany,2022-08-01,842.2125
Germany,2022-08-02,842.2125
Germany,2022-08-03,842.2125
Germany,2022-08-04,842.2125
Germany,2022-08-05,842.2125
Germany,2022-08-06,842.2125
Germany,2022-08-07,616.6055
Germany,2022-08-08,616.6055
Germany,2022-08-09,616.6055
Germany,2022-08-10,616.6055
Germany,2022-08-11,616.6055
Germany,2022-08-12,616.6055
Germany,2022-08-13,616.6055
Germany,2022-08-14,506.77942
Germany,2022-08-15,506.77942
Germany,2022-08-16,506.77942
Germany,2022-08-17,506.77942
Germany,2022-08-18,506.77942
Germany,2022-08-19,506.77942
Germany,2022-08-20,506.77942
Germany,2022-08-21,447.37946
Germany,2022-08-22,447.37946
Germany,2022-08-23,447.37946
Germany,2022-08-24,447.37946
Germany,2022-08-25,447.37946
Germany,2022-08-26,447.37946
Germany,2022-08-27,447.37946
Germany,2022-08-28,387.32202
Germany,2022-08-29,387.32202
Germany,2022-08-30,387.32202
Germany,2022-08-31,387.32202
Germany,2022-09-01,387.32202
Germany,2022-09-02,387.32202
Germany,2022-09-03,387.32202
Germany,2022-09-04,342.7725
Germany,2022-09-05,342.7725
Germany,2022-09-06,342.7725
Germany,2022-09-07,342.7725
Germany,2022-09-08,342.7725
Germany,2022-09-09,342.7725
Germany,2022-09-10,342.7725
Germany,2022-09-11,346.72592
Germany,2022-09-12,346.72592
Germany,2022-09-13,346.72592
Germany,2022-09-14,346.72592
Germany,2022-09-15,346.72592
Germany,2022-09-16,346.72592
Germany,2022-09-17,346.72592
Germany,2022-09-18,388.90884
Germany,2022-09-19,388.90884
Germany,2022-09-20,388.90884
Germany,2022-09-21,388.90884
Germany,2022-09-22,388.90884
Germany,2022-09-23,388.90884
Germany,2022-09-24,388.90884
Germany,2022-09-25,486.805
Germany,2022-09-26,486.805
Germany,2022-09-27,486.805
Germany,2022-09-28,486.805
Germany,2022-09-29,486.805
Germany,2022-09-30,486.805
Germany,2022-10-01,486.805
Germany,2022-10-02,779.5608
Germany,2022-10-03,779.5608
Germany,2022-10-04,779.5608
Germany,2022-10-05,779.5608
Germany,2022-10-06,779.5608
Germany,2022-10-07,779.5608
Germany,2022-10-08,779.5608
Germany,2022-10-09,1009.2928
Germany,2022-10-10,1009.2928
Germany,2022-10-11,1009.2928
Germany,2022-10-12,1009.2928
Germany,2022-10-13,1009.2928
Germany,2022-10-14,1009.2928
Germany,2022-10-15,1009.2928
Germany,2022-10-16,1095.7908
Germany,2022-10-17,1095.7908
Germany,2022-10-18,1095.7908
Germany,2022-10-19,1095.7908
Germany,2022-10-20,1095.7908
Germany,2022-10-21,1095.7908
Germany,2022-10-22,1095.7908
Germany,2022-10-23,925.26843
Germany,2022-10-24,925.26843
Germany,2022-10-25,925.26843
Germany,2022-10-26,925.26843
Germany,2022-10-27,925.26843
Germany,2022-10-28,925.26843
Germany,2022-10-29,925.26843
Germany,2022-10-30,635.23773
Germany,2022-10-31,635.23773
Germany,2022-11-01,635.23773
Germany,2022-11-02,635.23773
Germany,2022-11-03,635.23773
Germany,2022-11-04,635.23773
Germany,2022-11-05,635.23773
Germany,2022-11-06,413.82376
Germany,2022-11-07,413.82376
Germany,2022-11-08,413.82376
Germany,2022-11-09,413.82376
Germany,2022-11-10,413.82376
Germany,2022-11-11,413.82376
Germany,2022-11-12,413.82376
Germany,2022-11-13,343.21082
Germany,2022-11-14,343.21082
Germany,2022-11-15,343.21082
Germany,2022-11-16,343.21082
Germany,2022-11-17,343.21082
Germany,2022-11-18,343.21082
Germany,2022-11-19,343.21082
Germany,2022-11-20,288.2536
Germany,2022-11-21,288.2536
Germany,2022-11-22,288.2536
Germany,2022-11-23,288.2536
Germany,2022-11-24,288.2536
Germany,2022-11-25,288.2536
Germany,2022-11-26,288.2536
Germany,2022-11-27,289.82
Germany,2022-11-28,289.82
Germany,2022-11-29,289.82
Germany,2022-11-30,289.82
Germany,2022-12-01,289.82
Germany,2022-12-02,289.82
Germany,2022-12-03,289.82
Germany,2022-12-04,314.0061
Germany,2022-12-05,314.0061
Germany,2022-12-06,314.0061
Germany,2022-12-07,314.0061
Germany,2022-12-08,314.0061
Germany,2022-12-09,314.0061
Germany,2022-12-10,314.0061
Germany,2022-12-11,338.9465
Germany,2022-12-12,338.9465
Germany,2022-12-13,338.9465
Germany,2022-12-14,338.9465
Germany,2022-12-15,338.9465
Germany,2022-12-16,338.9465
Germany,2022-12-17,338.9465
Germany,2022-12-18,378.78317
Germany,2022-12-19,378.78317
Germany,2022-12-20,378.78317
Germany,2022-12-21,378.78317
Germany,2022-12-22,378.78317
Germany,2022-12-23,378.78317
Germany,2022-12-24,378.78317
Germany,2022-12-25,392.02298
Germany,2022-12-26,392.02298
Germany,2022-12-27,392.02298
Germany,2022-12-28,392.02298
Germany,2022-12-29,392.02298
Germany,2022-12-30,392.02298
Germany,2022-12-31,392.02298
Germany,2023-01-01,257.50284
Germany,2023-01-02,257.50284
Germany,2023-01-03,257.50284
Germany,2023-01-04,257.50284
Germany,2023-01-05,257.50284
Germany,2023-01-06,257.50284
Germany,2023-01-07,257.50284
Germany,2023-01-08,221.39871
Germany,2023-01-09,221.39871
Germany,2023-01-10,221.39871
Germany,2023-01-11,221.39871
Germany,2023-01-12,221.39871
Germany,2023-01-13,221.39871
Germany,2023-01-14,221.39871
Germany,2023-01-15,151.35663
Germany,2023-01-16,151.35663
Germany,2023-01-17,151.35663
Germany,2023-01-18,151.35663
Germany,2023-01-19,151.35663
Germany,2023-01-20,151.35663
Germany,2023-01-21,151.35663
Germany,2023-01-22,106.80709
Germany,2023-01-23,106.80709
Germany,2023-01-24,106.80709
Germany,2023-01-25,106.80709
Germany,2023-01-26,106.80709
Germany,2023-01-27,106.80709
Germany,2023-01-28,106.80709
Germany,2023-01-29,124.52871
Germany,2023-01-30,124.52871
Germany,2023-01-31,124.52871
Germany,2023-02-01,124.52871
Germany,2023-02-02,124.52871
Germany,2023-02-03,124.52871
Germany,2023-02-04,124.52871
Germany,2023-02-05,143.12358
Germany,2023-02-06,143.12358
Germany,2023-02-07,143.12358
Germany,2023-02-08,143.12358
Germany,2023-02-09,143.12358
Germany,2023-02-10,143.12358
Germany,2023-02-11,143.12358
Germany,2023-02-12,147.11948
Germany,2023-02-13,147.11948
Germany,2023-02-14,147.11948
Germany,2023-02-15,147.11948
Germany,2023-02-16,147.11948
Germany,2023-02-17,147.11948
Germany,2023-02-18,147.11948
Germany,2023-02-19,166.24101
Germany,2023-02-20,166.24101
Germany,2023-02-21,166.24101
Germany,2023-02-22,166.24101
Germany,2023-02-23,166.24101
Germany,2023-02-24,166.24101
Germany,2023-02-25,166.24101
Germany,2023-02-26,192.71725
Germany,2023-02-27,192.71725
Germany,2023-02-28,192.71725
Germany,2023-03-01,192.71725
Germany,2023-03-02,192.71725
Germany,2023-03-03,192.71725
Germany,2023-03-04,192.71725
Germany,2023-03-05,146.65396
Germany,2023-03-06,146.65396
Germany,2023-03-07,146.65396
Germany,2023-03-08,146.65396
Germany,2023-03-09,146.65396
Germany,2023-03-10,146.65396
Germany,2023-03-11,146.65396
Germany,2023-03-12,74.3421
Germany,2023-03-13,74.3421
Germany,2023-03-14,74.3421
Germany,2023-03-15,74.3421
Germany,2023-03-16,74.3421
Germany,2023-03-17,74.3421
Germany,2023-03-18,74.3421
Germany,2023-03-19,68.479065
Germany,2023-03-20,68.479065
Germany,2023-03-21,68.479065
Germany,2023-03-22,68.479065
Germany,2023-03-23,68.479065
Germany,2023-03-24,68.479065
Germany,2023-03-25,68.479065
Germany,2023-03-26,55.451614
Germany,2023-03-27,55.451614
Germany,2023-03-28,55.451614
Germany,2023-03-29,55.451614
Germany,2023-03-30,55.451614
Germany,2023-03-31,55.451614
Germany,2023-04-01,55.451614
Germany,2023-04-02,38.48433
Germany,2023-04-03,38.48433
Germany,2023-04-04,38.48433
Germany,2023-04-05,38.48433
Germany,2023-04-06,38.48433
Germany,2023-04-07,38.48433
Germany,2023-04-08,38.48433
Germany,2023-04-09,24.938702
Germany,2023-04-10,24.938702
Germany,2023-04-11,24.938702
Germany,2023-04-12,24.938702
Germany,2023-04-13,24.938702
Germany,2023-04-14,24.938702
Germany,2023-04-15,24.938702
Germany,2023-04-16,22.162638
Germany,2023-04-17,22.162638
Germany,2023-04-18,22.162638
Germany,2023-04-19,22.162638
Germany,2023-04-20,22.162638
Germany,2023-04-21,22.162638
Germany,2023-04-22,22.162638
Germany,2023-04-23,19.483414
Germany,2023-04-24,19.483414
Germany,2023-04-25,19.483414
Germany,2023-04-26,19.483414
Germany,2023-04-27,19.483414
Germany,2023-04-28,19.483414
Germany,2023-04-29,19.483414
Germany,2023-04-30,15.618331
Germany,2023-05-01,15.618331
Germany,2023-05-02,15.618331
Germany,2023-05-03,15.618331
Germany,2023-05-04,15.618331
Germany,2023-05-05,15.618331
Germany,2023-05-06,15.618331
Germany,2023-05-07,12.504179
Germany,2023-05-08,12.504179
Germany,2023-05-09,12.504179
Germany,2023-05-10,12.504179
Germany,2023-05-11,12.504179
Germany,2023-05-12,12.504179
Germany,2023-05-13,12.504179
Germany,2023-05-14,11.396472
Germany,2023-05-15,11.396472
Germany,2023-05-16,11.396472
Germany,2023-05-17,11.396472
Germany,2023-05-18,11.396472
Germany,2023-05-19,11.396472
Germany,2023-05-20,11.396472
Germany,2023-05-21,7.405668
Germany,2023-05-22,7.405668
Germany,2023-05-23,7.405668
Germany,2023-05-24,7.405668
Germany,2023-05-25,7.405668
Germany,2023-05-26,7.405668
Germany,2023-05-27,7.405668
Germany,2023-05-28,7.25786
Germany,2023-05-29,7.25786
Germany,2023-05-30,7.25786
Germany,2023-05-31,7.25786
Germany,2023-06-01,7.25786
Germany,2023-06-02,7.25786
Germany,2023-06-03,7.25786
Germany,2023-06-04,4.7009597
Germany,2023-06-05,4.7009597
Germany,2023-06-06,4.7009597
Germany,2023-06-07,4.7009597
Germany,2023-06-08,4.7009597
Germany,2023-06-09,4.7009597
Germany,2023-06-10,4.7009597
Germany,2023-06-11,4.063858
Germany,2023-06-12,4.063858
Germany,2023-06-13,4.063858
Germany,2023-06-14,4.063858
Germany,2023-06-15,4.063858
Germany,2023-06-16,4.063858
Germany,2023-06-17,4.063858
Germany,2023-06-18,3.4216597
Germany,2023-06-19,3.4216597
Germany,2023-06-20,3.4216597
Germany,2023-06-21,3.4216597
Germany,2023-06-22,3.4216597
Germany,2023-06-23,3.4216597
Germany,2023-06-24,3.4216597
Germany,2023-06-25,2.595976
Germany,2023-06-26,2.595976
Germany,2023-06-27,2.595976
Germany,2023-06-28,2.595976
Germany,2023-06-29,2.595976
Germany,2023-06-30,2.595976
Germany,2023-07-01,2.595976
Germany,2023-07-02,1.8671321
Germany,2023-07-03,1.8671321
Germany,2023-07-04,1.8671321
Germany,2023-07-05,1.8671321
Germany,2023-07-06,1.8671321
Germany,2023-07-07,1.8671321
Germany,2023-07-08,1.8671321
Germany,2023-07-09,0
Germany,2023-07-10,0
