"Дата","Цена","Откр.","Макс.","Мин.","Объём","Изм. %"
"31.12.2009","30,3110","30,3135","30,3135","30,3135","","0,00%"
"30.12.2009","30,3110","30,1503","30,3495","30,1425","","0,55%"
"29.12.2009","30,1450","29,7305","30,1680","29,7168","","1,44%"
"28.12.2009","29,7180","29,5577","29,7300","29,5537","","0,57%"
"25.12.2009","29,5490","29,5924","29,6660","29,3221","","-0,13%"
"24.12.2009","29,5875","30,2053","30,2200","29,4829","","-2,03%"
"23.12.2009","30,2000","30,5703","30,5885","30,1794","","-1,23%"
"22.12.2009","30,5750","30,5452","30,6118","30,4123","","0,10%"
"21.12.2009","30,5444","30,6265","30,6977","30,4443","","-0,22%"
"18.12.2009","30,6109","30,8175","30,9020","30,5638","","-0,63%"
"17.12.2009","30,8057","30,2373","30,8858","30,2298","","1,90%"
"16.12.2009","30,2315","30,1695","30,3658","30,0802","","0,22%"
"15.12.2009","30,1665","30,0673","30,3625","29,9688","","0,33%"
"14.12.2009","30,0665","30,0793","30,2090","29,9590","","-0,03%"
"11.12.2009","30,0755","30,4100","30,4239","29,9410","","-1,02%"
"10.12.2009","30,3850","30,4229","30,7472","30,3025","","-0,12%"
"09.12.2009","30,4219","30,6112","30,9630","30,3155","","-0,63%"
"08.12.2009","30,6133","29,9293","30,6368","29,8748","","2,31%"
"07.12.2009","29,9230","29,5190","29,9458","29,4283","","1,31%"
"04.12.2009","29,5362","29,1818","29,5649","29,1538","","1,24%"
"03.12.2009","29,1758","29,3573","29,3618","29,1150","","-0,60%"
"02.12.2009","29,3515","29,0688","29,3670","29,0125","","1,01%"
"01.12.2009","29,0580","29,2315","29,2752","29,0328","","-0,58%"
"30.11.2009","29,2270","29,2612","29,3448","28,9667","","-0,26%"
"27.11.2009","29,3025","29,2405","29,9346","29,2357","","0,20%"
"26.11.2009","29,2426","28,7599","29,3054","28,7411","","1,68%"
"25.11.2009","28,7590","28,8270","28,8800","28,6270","","-0,13%"
"24.11.2009","28,7970","28,7815","28,8958","28,7500","","-0,02%"
"23.11.2009","28,8025","28,9880","29,0230","28,7250","","-0,65%"
"20.11.2009","28,9906","28,7882","29,1204","28,7140","","0,71%"
"19.11.2009","28,7866","28,7032","28,9912","28,6850","","0,29%"
"18.11.2009","28,7047","28,7848","28,8001","28,6450","","-0,28%"
"17.11.2009","28,7849","28,6645","28,8537","28,6360","","0,44%"
"16.11.2009","28,6585","28,8749","28,8805","28,6170","","-0,71%"
"13.11.2009","28,8648","28,9185","28,9305","28,7455","","-0,18%"
"12.11.2009","28,9170","28,6868","28,9410","28,6130","","0,87%"
"11.11.2009","28,6680","28,7126","28,7625","28,5875","","-0,16%"
"10.11.2009","28,7149","28,7582","28,8085","28,6465","","-0,13%"
"09.11.2009","28,7520","28,9955","29,1525","28,6610","","-0,97%"
"06.11.2009","29,0350","29,0175","29,1540","28,8160","","0,06%"
"05.11.2009","29,0170","29,1526","29,2713","28,9615","","-0,42%"
"04.11.2009","29,1405","29,3121","29,3298","29,1090","","-0,59%"
"03.11.2009","29,3130","29,2443","29,4645","29,2995","","0,25%"
"02.11.2009","29,2410","29,1687","29,2885","29,0400","","0,29%"
"30.10.2009","29,1576","29,1770","29,3120","28,8940","","-0,03%"
"29.10.2009","29,1670","29,3037","29,4660","29,1375","","-0,59%"
"28.10.2009","29,3400","29,2649","29,3623","29,0125","","0,23%"
"27.10.2009","29,2740","29,0457","29,3135","28,8530","","0,80%"
"26.10.2009","29,0420","28,9915","29,1055","28,7225","","0,22%"
"23.10.2009","28,9775","29,0461","29,0795","28,9114","","-0,24%"
"22.10.2009","29,0459","29,1005","29,1700","29,0310","","-0,18%"
"21.10.2009","29,0970","29,1892","29,2621","29,0600","","-0,30%"
"20.10.2009","29,1838","29,2591","29,3220","29,1276","","-0,29%"
"19.10.2009","29,2674","29,4276","29,4912","29,2537","","-0,48%"
"16.10.2009","29,4088","29,3507","29,4810","29,2895","","0,18%"
"15.10.2009","29,3548","29,3706","29,4767","29,2705","","-0,06%"
"14.10.2009","29,3715","29,5281","29,5581","29,3035","","-0,51%"
"13.10.2009","29,5220","29,5143","29,6220","29,4613","","-0,01%"
"12.10.2009","29,5240","29,6180","29,6680","29,4676","","-0,31%"
"09.10.2009","29,6165","29,5524","29,7744","29,5392","","0,19%"
"08.10.2009","29,5605","29,7513","29,7925","29,5172","","-0,62%"
"07.10.2009","29,7440","29,8348","29,8735","29,7242","","-0,30%"
"06.10.2009","29,8335","30,0002","30,0900","29,7342","","-0,55%"
"05.10.2009","29,9990","30,1515","30,1922","29,9778","","-0,60%"
"02.10.2009","30,1790","30,0990","30,2520","30,0705","","0,28%"
"01.10.2009","30,0945","30,0249","30,1251","29,9864","","0,24%"
"30.09.2009","30,0236","30,1180","30,1438","29,9765","","-0,30%"
"29.09.2009","30,1145","30,1338","30,1985","30,0460","","-0,04%"
"28.09.2009","30,1280","30,1130","30,2779","30,0677","","0,02%"
"25.09.2009","30,1215","30,0865","30,2085","30,0195","","0,11%"
"24.09.2009","30,0891","30,0520","30,1834","29,9250","","0,21%"
"23.09.2009","30,0269","30,1025","30,1340","29,9056","","-0,33%"
"22.09.2009","30,1250","30,3665","30,3748","30,0543","","-0,79%"
"21.09.2009","30,3645","30,2643","30,4626","30,2480","","0,30%"
"18.09.2009","30,2726","30,3221","30,4530","30,2210","","-0,15%"
"17.09.2009","30,3178","30,5661","30,6020","30,2296","","-0,80%"
"16.09.2009","30,5630","30,7614","30,7775","30,4779","","-0,68%"
"15.09.2009","30,7710","30,8040","31,1558","30,7267","","-0,10%"
"14.09.2009","30,8005","30,6328","30,9230","30,6325","","0,45%"
"11.09.2009","30,6610","30,8715","30,9120","30,5930","","-0,74%"
"10.09.2009","30,8900","31,0284","31,1910","30,7820","","-0,44%"
"09.09.2009","31,0261","31,2567","31,3915","30,9817","","-0,72%"
"08.09.2009","31,2519","31,4947","31,5025","31,1977","","-0,77%"
"07.09.2009","31,4942","31,5825","31,6430","31,3769","","-0,30%"
"04.09.2009","31,5888","31,7630","31,8195","31,5516","","-0,54%"
"03.09.2009","31,7600","31,9575","32,0088","31,5993","","-0,65%"
"02.09.2009","31,9680","31,9686","32,1165","31,8123","","0,15%"
"01.09.2009","31,9210","31,8022","32,0587","31,7020","","0,39%"
"31.08.2009","31,7980","31,6095","31,8951","31,5920","","0,53%"
"28.08.2009","31,6300","31,6035","31,6632","31,4757","","0,10%"
"27.08.2009","31,5970","31,5728","31,7443","31,4988","","0,07%"
"26.08.2009","31,5750","31,3235","31,6243","31,2995","","0,81%"
"25.08.2009","31,3225","31,4183","31,6818","31,2550","","-0,29%"
"24.08.2009","31,4140","31,6289","31,6585","31,3465","","-0,75%"
"21.08.2009","31,6520","31,8054","32,0135","31,5855","","-0,47%"
"20.08.2009","31,8030","31,8686","32,0025","31,5200","","-0,16%"
"19.08.2009","31,8535","31,9282","32,0484","31,7767","","-0,27%"
"18.08.2009","31,9392","32,2283","32,3153","31,8163","","-0,96%"
"17.08.2009","32,2480","31,7103","32,4502","31,6300","","1,76%"
"14.08.2009","31,6900","31,7309","31,8731","31,4778","","-0,25%"
"13.08.2009","31,7692","32,3746","32,4650","31,6486","","-1,94%"
"12.08.2009","32,3974","32,2381","32,9170","32,2100","","0,49%"
"11.08.2009","32,2385","31,8503","32,4432","31,7037","","1,22%"
"10.08.2009","31,8507","31,6655","31,8973","31,4975","","0,62%"
"07.08.2009","31,6555","31,3370","31,7650","31,1650","","1,00%"
"06.08.2009","31,3425","31,1818","31,3630","31,0975","","0,53%"
"05.08.2009","31,1780","31,0928","31,2430","31,0280","","0,28%"
"04.08.2009","31,0905","30,9615","31,2225","30,9322","","0,44%"
"03.08.2009","30,9530","31,4172","31,4960","30,9205","","-1,62%"
"31.07.2009","31,4615","31,5073","31,7070","31,0652","","-0,13%"
"30.07.2009","31,5035","31,5830","31,9223","31,4580","","-0,27%"
"29.07.2009","31,5880","31,0925","31,7720","30,9658","","1,62%"
"28.07.2009","31,0840","30,7055","31,1388","30,5977","","1,27%"
"27.07.2009","30,6934","30,9638","31,1550","30,6155","","-0,94%"
"24.07.2009","30,9845","31,2131","31,2820","30,8355","","-0,84%"
"23.07.2009","31,2485","31,1858","31,3005","31,0055","","0,19%"
"22.07.2009","31,1890","30,9783","31,2483","30,9700","","0,65%"
"21.07.2009","30,9890","31,0355","31,2430","30,9175","","-0,13%"
"20.07.2009","31,0290","31,7803","31,7950","30,7930","","-2,38%"
"17.07.2009","31,7850","31,6235","31,8905","31,6255","","0,53%"
"16.07.2009","31,6175","31,8483","32,0575","31,4615","","-0,71%"
"15.07.2009","31,8440","32,2376","32,2497","31,7984","","-1,21%"
"14.07.2009","32,2331","32,7603","32,7870","32,1500","","-1,59%"
"13.07.2009","32,7529","32,6970","33,1988","32,5567","","0,12%"
"10.07.2009","32,7149","31,7627","32,8601","31,7506","","3,04%"
"09.07.2009","31,7506","31,8601","31,9795","31,7017","","-0,33%"
"08.07.2009","31,8560","31,5587","31,9171","31,4375","","0,95%"
"07.07.2009","31,5560","31,3999","31,5996","31,3766","","0,49%"
"06.07.2009","31,4026","31,2555","31,5575","31,2500","","0,44%"
"03.07.2009","31,2660","31,2809","31,3343","31,1025","","-0,11%"
"02.07.2009","31,3011","31,0093","31,3191","31,0875","","1,19%"
"01.07.2009","30,9315","31,1637","31,2478","30,9343","","-0,73%"
"30.06.2009","31,1583","31,1870","31,2023","30,9900","","-0,09%"
"29.06.2009","31,1866","31,1542","31,3330","31,0950","","0,09%"
"26.06.2009","31,1586","31,3195","31,3195","31,0445","","-0,50%"
"25.06.2009","31,3160","31,3050","31,3234","31,1205","","0,05%"
"24.06.2009","31,3017","31,2073","31,3552","31,0910","","0,30%"
"23.06.2009","31,2095","31,3757","31,6319","31,1728","","-0,45%"
"22.06.2009","31,3519","31,1002","31,4286","31,0969","","0,78%"
"19.06.2009","31,1081","31,2103","31,2294","31,0281","","-0,30%"
"18.06.2009","31,2015","31,1639","31,2573","31,0683","","0,13%"
"17.06.2009","31,1595","31,2262","31,3340","31,0851","","-0,19%"
"16.06.2009","31,2202","31,2896","31,3792","31,0763","","-0,22%"
"15.06.2009","31,2899","30,9696","31,3363","30,9593","","1,06%"
"12.06.2009","30,9615","30,8605","31,0595","30,8323","","0,34%"
"11.06.2009","30,8551","30,9753","31,0067","30,7839","","-0,39%"
"10.06.2009","30,9755","31,0809","31,1725","30,7805","","-0,34%"
"09.06.2009","31,0800","31,4013","31,4653","31,0404","","-1,02%"
"08.06.2009","31,4005","30,9530","31,4975","30,7700","","1,50%"
"05.06.2009","30,9363","30,8424","30,9819","30,6054","","0,35%"
"04.06.2009","30,8269","30,8981","31,0814","30,7286","","-0,21%"
"03.06.2009","30,8907","30,5346","30,9473","30,4639","","1,16%"
"02.06.2009","30,5368","30,6648","30,8145","30,5070","","-0,40%"
"01.06.2009","30,6580","30,8131","30,8558","30,5156","","-0,41%"
"29.05.2009","30,7837","31,1165","31,1825","30,7599","","-1,04%"
"28.05.2009","31,1060","31,2765","31,4038","31,0492","","-0,47%"
"27.05.2009","31,2540","31,3283","31,5758","31,0741","","-0,22%"
"26.05.2009","31,3229","30,9991","31,6208","30,9881","","1,05%"
"25.05.2009","30,9963","31,0410","31,1560","30,9881","","-0,21%"
"22.05.2009","31,0630","31,3216","31,3475","31,0039","","-0,82%"
"21.05.2009","31,3200","31,5478","31,6550","31,2847","","-0,72%"
"20.05.2009","31,5462","31,8287","31,8833","31,4766","","-0,88%"
"19.05.2009","31,8267","32,0385","32,1510","31,7808","","-0,66%"
"18.05.2009","32,0370","32,1989","32,3700","32,0325","","-0,43%"
"15.05.2009","32,1760","32,1226","32,2292","32,0337","","0,15%"
"14.05.2009","32,1275","32,0390","32,2655","31,9710","","0,28%"
"13.05.2009","32,0385","32,0825","32,0900","31,9193","","-0,10%"
"12.05.2009","32,0720","32,3165","32,3533","31,9899","","-0,73%"
"11.05.2009","32,3070","32,2250","32,3640","32,2020","","0,20%"
"08.05.2009","32,2428","32,5819","32,6453","32,2228","","-1,03%"
"07.05.2009","32,5786","32,8087","32,8755","32,4877","","-0,68%"
"06.05.2009","32,8010","32,8596","32,9908","32,7000","","-0,14%"
"05.05.2009","32,8480","32,7950","32,9988","32,7000","","0,21%"
"04.05.2009","32,7800","33,0355","33,0975","32,7685","","-0,85%"
"01.05.2009","33,0602","33,1020","33,1314","32,9725","","-0,17%"
"30.04.2009","33,1167","33,1706","33,2950","32,9142","","-0,13%"
"29.04.2009","33,1590","33,3710","33,4988","33,0497","","-0,61%"
"28.04.2009","33,3636","33,4832","33,6410","33,3388","","-0,42%"
"27.04.2009","33,5030","33,2015","33,5320","33,1771","","0,92%"
"24.04.2009","33,1986","33,5050","33,6238","33,1175","","-0,82%"
"23.04.2009","33,4717","33,9219","34,0950","33,4543","","-1,32%"
"22.04.2009","33,9210","34,1913","34,2409","33,8707","","-0,76%"
"21.04.2009","34,1820","33,9202","34,2411","33,8275","","0,77%"
"20.04.2009","33,9216","33,4580","33,9907","33,4560","","1,38%"
"17.04.2009","33,4596","33,3860","33,5965","33,3400","","0,24%"
"16.04.2009","33,3800","33,4158","33,4866","33,3144","","-0,10%"
"15.04.2009","33,4138","33,3940","33,5155","33,3187","","0,04%"
"14.04.2009","33,4000","33,2945","33,4710","33,2680","","0,34%"
"13.04.2009","33,2858","33,5069","33,6250","33,2515","","-0,66%"
"10.04.2009","33,5054","33,6203","33,7325","33,5020","","-0,36%"
"09.04.2009","33,6260","33,6877","33,7700","33,4528","","-0,16%"
"08.04.2009","33,6810","33,5634","33,8449","33,5270","","0,41%"
"07.04.2009","33,5440","33,3725","33,6443","33,2775","","0,47%"
"06.04.2009","33,3857","33,2775","33,4517","33,1364","","0,26%"
"03.04.2009","33,2980","33,3970","33,4785","33,2935","","-0,25%"
"02.04.2009","33,3810","33,9080","33,9328","33,3203","","-1,47%"
"01.04.2009","33,8800","33,9550","34,0690","33,8270","","-0,22%"
"31.03.2009","33,9540","33,9760","34,0953","33,7493","","-0,02%"
"30.03.2009","33,9600","33,8510","34,2325","33,7555","","0,65%"
"27.03.2009","33,7413","33,4106","33,7985","33,3067","","0,98%"
"26.03.2009","33,4128","33,5762","33,6474","33,3209","","-0,51%"
"25.03.2009","33,5843","33,4797","33,8487","33,2910","","0,28%"
"24.03.2009","33,4901","33,1985","33,5276","33,1311","","0,92%"
"23.03.2009","33,1860","33,4264","33,4837","33,1573","","-0,94%"
"20.03.2009","33,5018","33,3468","33,6010","33,3285","","0,48%"
"19.03.2009","33,3416","33,9416","34,0485","33,2532","","-1,74%"
"18.03.2009","33,9324","34,4957","34,6137","33,9227","","-1,63%"
"17.03.2009","34,4961","34,6275","34,7380","34,4438","","-0,39%"
"16.03.2009","34,6325","34,7265","34,9490","34,5545","","-0,13%"
"13.03.2009","34,6785","34,9968","35,1832","34,5773","","-0,87%"
"12.03.2009","34,9814","34,9938","35,4327","34,9272","","-0,04%"
"11.03.2009","34,9940","35,0659","35,2090","34,8963","","-0,21%"
"10.03.2009","35,0689","35,7510","35,8919","34,7999","","-1,65%"
"09.03.2009","35,6559","35,7751","35,8701","35,5677","","-0,31%"
"06.03.2009","35,7662","35,8799","35,9728","35,6124","","-0,26%"
"05.03.2009","35,8602","35,9690","36,2250","35,7475","","-0,32%"
"04.03.2009","35,9740","36,2117","36,3803","35,9360","","-0,68%"
"03.03.2009","36,2189","36,1808","36,3399","36,0738","","0,18%"
"02.03.2009","36,1527","35,9071","36,2233","35,7922","","0,68%"
"27.02.2009","35,9092","35,6702","36,0388","35,6000","","0,50%"
"26.02.2009","35,7320","35,8125","35,8793","35,5829","","-0,21%"
"25.02.2009","35,8088","35,8475","35,9900","35,6487","","-0,10%"
"24.02.2009","35,8449","36,0957","36,3059","35,7798","","-0,68%"
"23.02.2009","36,0910","35,9856","36,1293","35,6985","","0,61%"
"20.02.2009","35,8715","36,0580","36,3282","35,8232","","0,02%"
"19.02.2009","35,8636","36,3040","36,4050","35,7145","","-1,19%"
"18.02.2009","36,2940","36,3378","36,5657","35,9944","","-0,05%"
"17.02.2009","36,3112","35,1857","36,3928","35,0367","","3,13%"
"16.02.2009","35,2086","34,7374","35,4462","34,6600","","1,73%"
"13.02.2009","34,6083","34,6915","34,7648","34,4350","","-0,09%"
"12.02.2009","34,6400","35,1906","35,2439","34,6101","","-1,51%"
"11.02.2009","35,1710","35,8597","35,9550","34,9790","","-1,85%"
"10.02.2009","35,8327","35,8714","36,1575","35,5935","","0,04%"
"09.02.2009","35,8173","36,0670","36,2585","35,7322","","-0,93%"
"06.02.2009","36,1539","36,3685","36,4463","36,0135","","-0,52%"
"05.02.2009","36,3438","36,2648","36,4638","36,1700","","0,29%"
"04.02.2009","36,2383","35,9855","36,3569","35,8735","","0,79%"
"03.02.2009","35,9530","36,1166","36,3119","35,9202","","-0,36%"
"02.02.2009","36,0814","35,8724","36,3805","35,8511","","0,94%"
"30.01.2009","35,7466","35,0408","35,8773","34,9987","","2,18%"
"29.01.2009","34,9839","33,9559","35,1885","33,9050","","3,10%"
"28.01.2009","33,9330","33,0609","34,0422","32,9417","","2,65%"
"27.01.2009","33,0582","32,7306","33,1397","32,6444","","0,71%"
"26.01.2009","32,8237","32,8649","33,0808","32,6278","","-0,10%"
"23.01.2009","32,8560","32,6311","33,3080","32,5986","","0,64%"
"22.01.2009","32,6474","32,5674","32,9758","32,5212","","0,37%"
"21.01.2009","32,5260","33,0147","33,1796","32,3254","","-1,47%"
"20.01.2009","33,0125","33,2692","33,7367","32,8473","","-0,67%"
"19.01.2009","33,2338","32,4539","33,2675","32,3150","","2,35%"
"16.01.2009","32,4720","32,2741","32,7039","32,0976","","0,68%"
"15.01.2009","32,2529","31,7135","32,4185","31,6050","","1,61%"
"14.01.2009","31,7420","31,2990","31,9120","31,1521","","1,49%"
"13.01.2009","31,2760","31,1042","31,3950","31,0363","","0,68%"
"12.01.2009","31,0650","29,8325","31,2063","29,8328","","6,59%"
"09.01.2009","29,1450","29,3838","29,4091","29,1503","","-0,82%"
"08.01.2009","29,3870","29,1550","29,4103","29,1495","","0,83%"
"07.01.2009","29,1450","29,1580","29,4091","29,1480","","-0,01%"
"06.01.2009","29,1480","29,1575","29,4091","29,1508","","0,02%"
"05.01.2009","29,1420","29,4043","29,4103","29,1508","","-0,84%"
"02.01.2009","29,3880","29,1548","29,4103","29,1505","","0,83%"
"01.01.2009","29,1475","30,5350","30,5378","29,1510","","-4,51%"
"31.12.2008","30,5250","29,3820","30,6919","29,3160","","3,85%"
"30.12.2008","29,3940","29,5315","29,6125","29,2471","","-0,37%"
"29.12.2008","29,5030","29,0225","29,5240","28,8451","","1,77%"
"26.12.2008","28,9910","28,7000","29,0610","28,6094","","1,05%"
"25.12.2008","28,6900","28,7095","28,7385","28,6347","","-0,02%"
"24.12.2008","28,6960","28,4106","28,7683","28,3644","","1,10%"
"23.12.2008","28,3840","28,3976","28,4393","28,2833","","-0,02%"
"22.12.2008","28,3901","28,1690","28,4473","27,9900","","0,80%"
"19.12.2008","28,1660","27,3965","28,2058","27,3960","","2,82%"
"18.12.2008","27,3930","27,2589","27,6674","27,1309","","0,52%"
"17.12.2008","27,2511","27,2428","27,6400","27,2008","","0,19%"
"16.12.2008","27,2004","27,6059","27,6982","27,1878","","-1,44%"
"15.12.2008","27,5972","27,7074","27,8695","27,5740","","-0,29%"
"12.12.2008","27,6770","27,6964","27,8285","27,6255","","-0,01%"
"11.12.2008","27,6800","27,8258","27,9650","27,6190","","-0,48%"
"10.12.2008","27,8138","27,9296","27,9487","27,7640","","-0,48%"
"09.12.2008","27,9466","27,9024","28,0655","27,8781","","0,15%"
"08.12.2008","27,9044","28,1788","28,1895","27,8842","","-0,94%"
"05.12.2008","28,1701","27,9510","28,2859","27,9443","","0,81%"
"04.12.2008","27,9430","27,9090","28,0715","27,8818","","0,15%"
"03.12.2008","27,9021","27,9066","28,0380","27,8696","","-0,01%"
"02.12.2008","27,9039","28,0234","28,0586","27,8456","","-0,32%"
"01.12.2008","27,9941","27,9089","28,0483","27,8974","","0,30%"
"28.11.2008","27,9100","27,4269","27,9828","27,3823","","1,68%"
"27.11.2008","27,4485","27,4287","27,4838","27,3458","","0,08%"
"26.11.2008","27,4268","27,2341","27,5167","27,2270","","0,69%"
"25.11.2008","27,2383","27,3427","27,4872","27,2160","","-0,38%"
"24.11.2008","27,3414","27,4930","27,7384","27,3284","","-0,60%"
"21.11.2008","27,5063","27,6008","27,6508","27,4244","","-0,34%"
"20.11.2008","27,5991","27,6011","27,6494","27,4498","","0,06%"
"19.11.2008","27,5825","27,4695","27,5966","27,2661","","0,45%"
"18.11.2008","27,4587","27,4320","27,5226","27,3775","","0,09%"
"17.11.2008","27,4328","27,3724","27,5810","27,2624","","0,23%"
"14.11.2008","27,3699","27,2516","27,4513","27,2364","","0,34%"
"13.11.2008","27,2785","27,5881","27,7188","27,2082","","-1,15%"
"12.11.2008","27,5967","27,5699","27,6344","27,4329","","0,07%"
"11.11.2008","27,5763","27,0555","27,5914","27,0271","","1,87%"
"10.11.2008","27,0689","26,9846","27,0844","26,8543","","0,15%"
"07.11.2008","27,0277","27,0538","27,1318","26,9427","","-0,12%"
"06.11.2008","27,0589","26,8413","27,0766","26,8099","","0,88%"
"05.11.2008","26,8220","26,7987","26,9350","26,6510","","0,21%"
"04.11.2008","26,7661","27,1625","27,2760","26,7588","","-1,41%"
"03.11.2008","27,1480","27,0464","27,2053","26,8910","","0,27%"
"31.10.2008","27,0762","26,8577","27,1416","26,8456","","0,92%"
"30.10.2008","26,8299","26,8243","26,9566","26,5108","","0,04%"
"29.10.2008","26,8185","27,0923","27,1937","26,8121","","-1,03%"
"28.10.2008","27,0978","27,3470","27,5084","27,0654","","-0,99%"
"27.10.2008","27,3687","27,1973","27,5013","27,1592","","0,64%"
"24.10.2008","27,1939","26,8310","27,3170","26,7995","","1,42%"
"23.10.2008","26,8133","26,9473","27,0671","26,7740","","-0,50%"
"22.10.2008","26,9492","26,7094","26,9948","26,6944","","0,88%"
"21.10.2008","26,7138","26,3677","26,7245","26,3119","","1,32%"
"20.10.2008","26,3649","26,3548","26,4198","25,8834","","0,04%"
"17.10.2008","26,3547","26,2929","26,3825","26,1983","","0,27%"
"16.10.2008","26,2849","26,2750","26,4233","26,2275","","-0,03%"
"15.10.2008","26,2934","26,1349","26,3052","26,0683","","0,63%"
"14.10.2008","26,1290","26,1826","26,1895","25,9879","","-0,17%"
"13.10.2008","26,1740","26,2140","26,2875","26,0721","","-0,12%"
"10.10.2008","26,2060","26,1510","26,2648","26,1075","","0,17%"
"09.10.2008","26,1618","26,1221","26,1855","25,9584","","0,12%"
"08.10.2008","26,1304","26,1557","26,2201","25,9963","","-0,03%"
"07.10.2008","26,1390","26,2676","26,2895","26,0210","","-0,49%"
"06.10.2008","26,2683","26,0748","26,3064","26,0669","","1,12%"
"03.10.2008","25,9773","25,9329","26,0487","25,8417","","0,21%"
"02.10.2008","25,9226","25,7253","26,0043","25,7165","","0,74%"
"01.10.2008","25,7314","25,6313","25,7713","25,5665","","0,39%"
"30.09.2008","25,6324","25,3193","25,7036","25,3100","","1,25%"
"29.09.2008","25,3164","25,0801","25,4230","25,0284","","1,11%"
"26.09.2008","25,0378","25,0487","25,1103","24,9748","","-0,01%"
"25.09.2008","25,0413","25,0387","25,0968","24,8654","","0,01%"
"24.09.2008","25,0387","25,0990","25,1251","24,9057","","-0,23%"
"23.09.2008","25,0970","25,0201","25,1266","24,9359","","0,33%"
"22.09.2008","25,0138","25,2726","25,3193","24,9420","","-1,05%"
"19.09.2008","25,2800","25,4159","25,5921","25,2710","","-0,64%"
"18.09.2008","25,4440","25,4380","25,4757","25,2360","","-0,08%"
"17.09.2008","25,4656","25,6251","25,6702","25,3825","","-0,61%"
"16.09.2008","25,6214","25,5078","25,6661","25,4716","","0,47%"
"15.09.2008","25,5007","25,5170","25,6449","25,3223","","-0,08%"
"12.09.2008","25,5200","25,7315","25,7677","25,5100","","-0,73%"
"11.09.2008","25,7085","25,7575","25,8708","25,7047","","-0,22%"
"10.09.2008","25,7660","25,5935","25,7749","25,5333","","0,71%"
"09.09.2008","25,5840","25,5460","25,6462","25,4890","","0,13%"
"08.09.2008","25,5514","25,3995","25,6229","25,2010","","0,29%"
"05.09.2008","25,4785","25,4597","25,5311","25,3664","","0,05%"
"04.09.2008","25,4665","25,1351","25,4710","25,0859","","1,30%"
"03.09.2008","25,1396","24,7910","25,2712","24,7725","","1,43%"
"02.09.2008","24,7846","24,6787","24,8396","24,6702","","0,48%"
"01.09.2008","24,6653","24,6188","24,7220","24,5950","","0,09%"
"29.08.2008","24,6440","24,6389","24,6762","24,5376","","0,01%"
"28.08.2008","24,6407","24,6219","24,6775","24,5202","","0,09%"
"27.08.2008","24,6187","24,6676","24,7288","24,5042","","-0,21%"
"26.08.2008","24,6700","24,4402","24,7743","24,4335","","0,95%"
"25.08.2008","24,4387","24,3918","24,4699","24,3794","","0,24%"
"22.08.2008","24,3803","24,2921","24,4132","24,2533","","0,42%"
"21.08.2008","24,2779","24,3921","24,4705","24,2788","","-0,48%"
"20.08.2008","24,3960","24,4699","24,4941","24,3726","","-0,29%"
"19.08.2008","24,4664","24,5605","24,6039","24,4515","","-0,34%"
"18.08.2008","24,5490","24,6052","24,6124","24,4667","","-0,23%"
"15.08.2008","24,6049","24,3916","24,6435","24,3925","","0,91%"
"14.08.2008","24,3840","24,2178","24,4280","24,2086","","0,71%"
"13.08.2008","24,2114","24,2548","24,2910","24,1078","","-0,17%"
"12.08.2008","24,2516","24,4294","24,5031","24,1275","","-0,74%"
"11.08.2008","24,4315","24,2987","24,6185","24,1333","","0,81%"
"08.08.2008","24,2359","23,6827","24,2469","23,6722","","2,35%"
"07.08.2008","23,6791","23,6477","23,6963","23,5285","","0,13%"
"06.08.2008","23,6477","23,5504","23,6581","23,4971","","0,39%"
"05.08.2008","23,5560","23,4086","23,5670","23,4075","","0,64%"
"04.08.2008","23,4068","23,4689","23,4830","23,3632","","-0,28%"
"01.08.2008","23,4732","23,4339","23,5244","23,4346","","0,18%"
"31.07.2008","23,4305","23,4463","23,4584","23,3515","","-0,04%"
"30.07.2008","23,4391","23,4518","23,4971","23,4183","","-0,04%"
"29.07.2008","23,4494","23,3420","23,4877","23,3120","","0,47%"
"28.07.2008","23,3398","23,3854","23,4068","23,3107","","-0,17%"
"25.07.2008","23,3797","23,3854","23,4198","23,3150","","-0,01%"
"24.07.2008","23,3813","23,3631","23,4263","23,3458","","0,08%"
"23.07.2008","23,3615","23,2936","23,3911","23,2768","","0,29%"
"22.07.2008","23,2947","23,1757","23,3207","23,1613","","0,52%"
"21.07.2008","23,1745","23,2225","23,2567","23,1670","","-0,19%"
"18.07.2008","23,2184","23,2257","23,2575","23,1355","","-0,01%"
"17.07.2008","23,2201","23,2578","23,2894","23,1952","","-0,16%"
"16.07.2008","23,2571","23,1643","23,2772","23,1332","","0,42%"
"15.07.2008","23,1594","23,1574","23,2035","23,0550","","0,03%"
"14.07.2008","23,1531","23,2224","23,3150","23,1333","","-0,41%"
"11.07.2008","23,2473","23,3638","23,4103","23,2202","","-0,44%"
"10.07.2008","23,3503","23,4262","23,4648","23,3416","","-0,29%"
"09.07.2008","23,4190","23,5206","23,5410","23,3635","","-0,40%"
"08.07.2008","23,5132","23,4665","23,5534","23,4523","","0,18%"
"07.07.2008","23,4698","23,4951","23,5759","23,4370","","-0,05%"
"04.07.2008","23,4821","23,5183","23,5429","23,4745","","-0,15%"
"03.07.2008","23,5181","23,3654","23,5377","23,3426","","0,64%"
"02.07.2008","23,3678","23,4138","23,4566","23,3576","","-0,19%"
"01.07.2008","23,4114","23,4474","23,5015","23,3858","","-0,14%"
"30.06.2008","23,4444","23,4309","23,4676","23,3706","","0,14%"
"27.06.2008","23,4126","23,4391","23,4733","23,4123","","-0,12%"
"26.06.2008","23,4411","23,5178","23,5439","23,4242","","-0,29%"
"25.06.2008","23,5098","23,5968","23,6275","23,4986","","-0,39%"
"24.06.2008","23,6029","23,6471","23,6689","23,5527","","-0,16%"
"23.06.2008","23,6400","23,5488","23,6893","23,5441","","0,34%"
"20.06.2008","23,5608","23,6492","23,6662","23,5268","","-0,37%"
"19.06.2008","23,6494","23,6262","23,6899","23,5757","","0,11%"
"18.06.2008","23,6225","23,6495","23,6889","23,6190","","-0,10%"
"17.06.2008","23,6464","23,6844","23,6962","23,6188","","-0,16%"
"16.06.2008","23,6840","23,7737","23,8021","23,6433","","-0,45%"
"13.06.2008","23,7901","23,7331","23,8607","23,6942","","0,22%"
"12.06.2008","23,7390","23,6480","23,7954","23,6210","","0,47%"
"11.06.2008","23,6289","23,7088","23,7193","23,6048","","-0,32%"
"10.06.2008","23,7051","23,6514","23,7277","23,5797","","0,22%"
"09.06.2008","23,6522","23,5506","23,6758","23,4778","","0,50%"
"06.06.2008","23,5348","23,6811","23,7018","23,5346","","-0,60%"
"05.06.2008","23,6780","23,8055","23,8628","23,6630","","-0,45%"
"04.06.2008","23,7850","23,8045","23,8202","23,7560","","-0,04%"
"03.06.2008","23,7951","23,7100","23,8280","23,6283","","0,38%"
"02.06.2008","23,7054","23,6825","23,7663","23,6634","","0,08%"
"30.05.2008","23,6853","23,7168","23,7719","23,6752","","-0,12%"
"29.05.2008","23,7137","23,6204","23,7491","23,6022","","0,41%"
"28.05.2008","23,6168","23,6234","23,6530","23,5645","","-0,04%"
"27.05.2008","23,6270","23,5242","23,6352","23,4855","","0,45%"
"26.05.2008","23,5210","23,5486","23,5763","23,5131","","-0,17%"
"23.05.2008","23,5606","23,6055","23,6211","23,5217","","-0,18%"
"22.05.2008","23,6024","23,5580","23,6399","23,5476","","0,20%"
"21.05.2008","23,5550","23,7015","23,7163","23,5521","","-0,59%"
"20.05.2008","23,6943","23,7868","23,7987","23,6525","","-0,37%"
"19.05.2008","23,7817","23,6935","23,8132","23,6870","","0,30%"
"16.05.2008","23,7104","23,8971","23,9085","23,6913","","-0,80%"
"15.05.2008","23,9012","23,8739","23,9223","23,7850","","0,10%"
"14.05.2008","23,8764","23,7967","23,9340","23,7812","","0,28%"
"13.05.2008","23,8088","23,6952","23,8380","23,6720","","0,51%"
"12.05.2008","23,6881","23,7583","23,8519","23,6688","","-0,32%"
"09.05.2008","23,7644","23,8265","23,8312","23,7448","","-0,23%"
"08.05.2008","23,8197","23,8254","23,9208","23,7861","","-0,01%"
"07.05.2008","23,8214","23,7104","23,8503","23,7013","","0,48%"
"06.05.2008","23,7078","23,7413","23,7748","23,6559","","-0,03%"
"05.05.2008","23,7158","23,7922","23,8110","23,7159","","-0,38%"
"02.05.2008","23,8066","23,7646","23,8288","23,7372","","0,11%"
"01.05.2008","23,7813","23,6394","23,8047","23,6146","","0,43%"
"30.04.2008","23,6790","23,6759","23,7283","23,6423","","0,06%"
"29.04.2008","23,6651","23,6002","23,7013","23,5943","","0,21%"
"28.04.2008","23,6162","23,6365","23,6564","23,5696","","-0,08%"
"25.04.2008","23,6361","23,5789","23,6860","23,5379","","0,19%"
"24.04.2008","23,5919","23,4095","23,6181","23,4005","","0,84%"
"23.04.2008","23,3957","23,3186","23,4303","23,3084","","0,35%"
"22.04.2008","23,3132","23,3895","23,4523","23,2964","","-0,40%"
"21.04.2008","23,4074","23,4741","23,4922","23,3583","","-0,39%"
"18.04.2008","23,4994","23,3958","23,5603","23,3475","","0,39%"
"17.04.2008","23,4088","23,3633","23,4413","23,3302","","0,26%"
"16.04.2008","23,3477","23,4868","23,5158","23,3337","","-0,67%"
"15.04.2008","23,5049","23,4509","23,5222","23,4145","","0,20%"
"14.04.2008","23,4580","23,4755","23,5681","23,4065","","-0,08%"
"11.04.2008","23,4761","23,5337","23,5412","23,4342","","-0,27%"
"10.04.2008","23,5387","23,4545","23,5523","23,3845","","0,38%"
"09.04.2008","23,4501","23,5611","23,5831","23,4276","","-0,47%"
"08.04.2008","23,5620","23,5586","23,5907","23,4829","","0,00%"
"07.04.2008","23,5627","23,5438","23,6300","23,5362","","-0,01%"
"04.04.2008","23,5646","23,5824","23,6200","23,5034","","-0,10%"
"03.04.2008","23,5893","23,5737","23,7291","23,5677","","0,01%"
"02.04.2008","23,5860","23,6405","23,7095","23,5839","","-0,26%"
"01.04.2008","23,6481","23,5040","23,6835","23,4937","","0,69%"
"31.03.2008","23,4860","23,4794","23,5204","23,4022","","-0,13%"
"28.03.2008","23,5158","23,5034","23,5381","23,4517","","0,17%"
"27.03.2008","23,4759","23,4574","23,5520","23,4511","","-0,06%"
"26.03.2008","23,4890","23,6262","23,6788","23,4782","","-0,73%"
"25.03.2008","23,6629","23,8006","23,8196","23,6420","","-0,60%"
"24.03.2008","23,8063","23,7947","23,8750","23,7750","","0,15%"
"21.03.2008","23,7712","23,8049","23,8298","23,7591","","-0,01%"
"20.03.2008","23,7743","23,6245","23,8363","23,5960","","0,76%"
"19.03.2008","23,5947","23,6330","23,6600","23,5005","","0,47%"
"18.03.2008","23,4852","23,5415","23,5970","23,4618","","-0,25%"
"17.03.2008","23,5447","23,5664","23,5870","23,3926","","-0,28%"
"14.03.2008","23,6102","23,6227","23,7045","23,5741","","-0,26%"
"13.03.2008","23,6722","23,6821","23,7198","23,6400","","-0,18%"
"12.03.2008","23,7150","23,8749","23,8797","23,7174","","-0,70%"
"11.03.2008","23,8815","23,8705","23,9222","23,7488","","0,03%"
"10.03.2008","23,8736","23,8549","23,8826","23,8213","","0,04%"
"07.03.2008","23,8630","23,8293","23,8950","23,7634","","0,13%"
"06.03.2008","23,8329","23,9541","23,9592","23,8261","","-0,42%"
"05.03.2008","23,9341","24,0102","24,0696","23,9221","","-0,26%"
"04.03.2008","23,9971","24,0213","24,0638","23,9798","","-0,16%"
"03.03.2008","24,0366","24,0223","24,0607","23,9611","","0,08%"
"29.02.2008","24,0180","23,9846","24,0494","23,9745","","0,16%"
"28.02.2008","23,9793","24,0887","24,1275","23,9820","","-0,46%"
"27.02.2008","24,0911","24,2591","24,2622","24,0637","","-0,88%"
"26.02.2008","24,3044","24,4400","24,4700","24,2915","","-0,54%"
"25.02.2008","24,4365","24,4410","24,4680","24,4270","","-0,04%"
"22.02.2008","24,4461","24,4734","24,5018","24,4089","","-0,12%"
"21.02.2008","24,4745","24,5511","24,5698","24,4575","","-0,36%"
"20.02.2008","24,5640","24,5485","24,6383","24,5316","","0,13%"
"19.02.2008","24,5313","24,5804","24,5940","24,5075","","-0,21%"
"18.02.2008","24,5824","24,5867","24,6292","24,5485","","-0,04%"
"15.02.2008","24,5918","24,6171","24,6234","24,5580","","-0,12%"
"14.02.2008","24,6209","24,6688","24,6955","24,6058","","-0,15%"
"13.02.2008","24,6591","24,6251","24,7075","24,6088","","0,15%"
"12.02.2008","24,6210","24,6889","24,7124","24,5914","","-0,33%"
"11.02.2008","24,7025","24,7363","24,7437","24,6437","","-0,18%"
"08.02.2008","24,7480","24,7862","24,8074","24,7156","","-0,14%"
"07.02.2008","24,7820","24,6470","24,8195","24,6077","","0,60%"
"06.02.2008","24,6335","24,6306","24,7125","24,6080","","0,03%"
"05.02.2008","24,6249","24,4914","24,6538","24,4854","","0,58%"
"04.02.2008","24,4818","24,4867","24,5274","24,4271","","0,02%"
"01.02.2008","24,4772","24,4349","24,5037","24,3520","","0,13%"
"31.01.2008","24,4449","24,3976","24,4874","24,3558","","-0,12%"
"30.01.2008","24,4748","24,4834","24,5036","24,4378","","-0,05%"
"29.01.2008","24,4862","24,4752","24,5194","24,4341","","0,06%"
"28.01.2008","24,4724","24,4990","24,6158","24,4602","","-0,07%"
"25.01.2008","24,4890","24,4531","24,5395","24,4171","","0,02%"
"24.01.2008","24,4848","24,6622","24,6921","24,4653","","-0,97%"
"23.01.2008","24,7257","24,6362","24,7795","24,5811","","0,28%"
"22.01.2008","24,6570","24,7494","24,9325","24,6182","","-0,37%"
"21.01.2008","24,7496","24,5286","24,8095","24,5267","","0,99%"
"18.01.2008","24,5063","24,4856","24,5373","24,4526","","0,24%"
"17.01.2008","24,4485","24,4822","24,5492","24,4256","","-0,12%"
"16.01.2008","24,4785","24,3418","24,5387","24,2987","","0,69%"
"15.01.2008","24,3115","24,2876","24,3395","24,2409","","0,13%"
"14.01.2008","24,2803","24,3736","24,3866","24,2478","","-0,27%"
"11.01.2008","24,3457","24,3537","24,4087","24,3325","","-0,06%"
"10.01.2008","24,3604","24,4816","24,5136","24,3348","","-0,48%"
"09.01.2008","24,4786","24,4657","24,5063","24,4179","","0,12%"
"08.01.2008","24,4490","24,4809","24,4920","24,4360","","-0,14%"
"07.01.2008","24,4832","24,4266","24,5105","24,4216","","0,32%"
"04.01.2008","24,4045","24,4275","24,4779","24,3591","","-0,12%"
"03.01.2008","24,4328","24,4479","24,4845","24,4017","","0,00%"
"02.01.2008","24,4325","24,5710","24,5767","24,4251","","-0,53%"
"01.01.2008","24,5630","24,5769","24,5883","24,5663","","-0,03%"
"31.12.2007","24,5695","24,4520","24,5958","24,4267","","0,48%"
"28.12.2007","24,4520","24,6060","24,6281","24,4460","","-0,52%"
"27.12.2007","24,5803","24,6418","24,7003","24,5765","","-0,18%"
"26.12.2007","24,6252","24,7118","24,7236","24,6208","","-0,38%"
"25.12.2007","24,7193","24,7147","24,7310","24,7005","","0,05%"
"24.12.2007","24,7077","24,7360","24,7545","24,6989","","-0,17%"
"21.12.2007","24,7504","24,7890","24,7960","24,7000","","-0,05%"
"20.12.2007","24,7631","24,7403","24,7978","24,7188","","0,05%"
"19.12.2007","24,7515","24,7070","24,7857","24,6930","","0,19%"
"18.12.2007","24,7040","24,7169","24,7458","24,6815","","-0,10%"
"17.12.2007","24,7279","24,7284","24,7795","24,6618","","0,22%"
"14.12.2007","24,6735","24,5086","24,7050","24,4779","","0,63%"
"13.12.2007","24,5195","24,4355","24,5523","24,4103","","0,28%"
"12.12.2007","24,4514","24,4800","24,4898","24,3975","","0,05%"
"11.12.2007","24,4381","24,4244","24,4839","24,3924","","0,04%"
"10.12.2007","24,4284","24,4892","24,5033","24,4059","","-0,25%"
"07.12.2007","24,4900","24,5037","24,5404","24,4486","","0,02%"
"06.12.2007","24,4850","24,5337","24,5990","24,4825","","0,04%"
"05.12.2007","24,4762","24,3886","24,5234","24,3756","","0,34%"
"04.12.2007","24,3921","24,4721","24,5050","24,3824","","-0,32%"
"03.12.2007","24,4710","24,5020","24,5140","24,4282","","0,12%"
"30.11.2007","24,4420","24,4182","24,4926","24,3668","","0,19%"
"29.11.2007","24,3967","24,3197","24,4343","24,3109","","0,10%"
"28.11.2007","24,3732","24,3297","24,4293","24,3142","","0,16%"
"27.11.2007","24,3332","24,2823","24,3460","24,2519","","0,15%"
"26.11.2007","24,2963","24,5260","24,5367","24,2650","","-0,09%"
"23.11.2007","24,3174","24,3175","24,3692","24,2312","","0,03%"
"22.11.2007","24,3090","24,3075","24,3413","24,2945","","-0,06%"
"21.11.2007","24,3228","24,3367","24,3753","24,3053","","-0,22%"
"20.11.2007","24,3753","24,4787","24,5081","24,3439","","-0,44%"
"19.11.2007","24,4825","24,4741","24,5131","24,4553","","0,02%"
"16.11.2007","24,4787","24,5252","24,5579","24,4694","","-0,09%"
"15.11.2007","24,5010","24,4930","24,5341","24,4367","","0,14%"
"14.11.2007","24,4675","24,5378","24,5423","24,4207","","-0,29%"
"13.11.2007","24,5398","24,5987","24,6134","24,5104","","-0,19%"
"12.11.2007","24,5857","24,4663","24,6095","24,4614","","0,47%"
"09.11.2007","24,4705","24,4729","24,5081","24,3937","","0,02%"
"08.11.2007","24,4647","24,4971","24,5200","24,4447","","-0,04%"
"07.11.2007","24,4750","24,5812","24,5844","24,4116","","-0,44%"
"06.11.2007","24,5842","24,6607","24,6725","24,5630","","-0,25%"
"05.11.2007","24,6461","24,6169","24,6870","24,6076","","0,14%"
"02.11.2007","24,6125","24,6925","24,7107","24,6049","","-0,24%"
"01.11.2007","24,6719","24,6530","24,7300","24,6402","","0,02%"
"31.10.2007","24,6670","24,6890","24,7158","24,6508","","-0,08%"
"30.10.2007","24,6860","24,6972","24,7540","24,6823","","-0,05%"
"29.10.2007","24,6984","24,7068","24,7420","24,6829","","-0,14%"
"26.10.2007","24,7335","24,8043","24,8165","24,7238","","-0,33%"
"25.10.2007","24,8159","24,8562","24,8848","24,7808","","-0,25%"
"24.10.2007","24,8792","24,8617","24,9286","24,8543","","0,01%"
"23.10.2007","24,8755","24,9347","24,9530","24,8443","","-0,33%"
"22.10.2007","24,9573","24,8575","24,9953","24,7890","","0,43%"
"19.10.2007","24,8510","24,8292","24,8925","24,7953","","0,12%"
"18.10.2007","24,8204","24,8985","24,9081","24,8065","","-0,39%"
"17.10.2007","24,9174","24,9331","24,9460","24,8745","","-0,07%"
"16.10.2007","24,9358","24,8948","24,9595","24,8745","","0,16%"
"15.10.2007","24,8960","24,9230","24,9430","24,8648","","-0,10%"
"12.10.2007","24,9210","24,9107","24,9478","24,8905","","0,14%"
"11.10.2007","24,8860","24,9595","24,9680","24,8675","","-0,31%"
"10.10.2007","24,9623","24,9966","25,0070","24,9258","","-0,24%"
"09.10.2007","25,0216","25,0466","25,0830","24,9984","","-0,14%"
"08.10.2007","25,0569","24,9599","25,0617","24,9478","","0,38%"
"05.10.2007","24,9614","24,9721","25,0640","24,9385","","-0,08%"
"04.10.2007","24,9810","25,0091","25,0367","24,9565","","-0,01%"
"03.10.2007","24,9831","24,9529","25,0060","24,9038","","0,15%"
"02.10.2007","24,9459","24,8618","24,9654","24,8561","","0,33%"
"01.10.2007","24,8638","24,8428","24,9026","24,8349","","0,05%"
"28.09.2007","24,8516","24,9602","24,9654","24,8489","","-0,43%"
"27.09.2007","24,9586","24,9805","24,9885","24,9176","","-0,10%"
"26.09.2007","24,9832","24,9665","24,9976","24,9415","","0,10%"
"25.09.2007","24,9590","25,0240","25,0565","24,9515","","-0,22%"
"24.09.2007","25,0150","25,0560","25,0801","24,9841","","-0,15%"
"21.09.2007","25,0530","25,0830","25,0935","25,0313","","-0,05%"
"20.09.2007","25,0650","25,1815","25,1845","25,0412","","-0,43%"
"19.09.2007","25,1740","25,2452","25,2655","25,1610","","-0,62%"
"18.09.2007","25,3316","25,3358","25,3777","25,3200","","-0,03%"
"17.09.2007","25,3394","25,3404","25,3557","25,3036","","0,00%"
"14.09.2007","25,3405","25,3760","25,3862","25,3126","","-0,06%"
"13.09.2007","25,3545","25,3775","25,4013","25,3310","","-0,04%"
"12.09.2007","25,3640","25,4536","25,4687","25,3695","","-0,36%"
"11.09.2007","25,4557","25,5192","25,5468","25,4323","","-0,27%"
"10.09.2007","25,5237","25,5760","25,5847","25,5063","","-0,14%"
"07.09.2007","25,5604","25,6485","25,6755","25,5369","","-0,32%"
"06.09.2007","25,6430","25,6295","25,7021","25,6211","","0,11%"
"05.09.2007","25,6153","25,6792","25,7243","25,6043","","-0,20%"
"04.09.2007","25,6675","25,6046","25,7397","25,5866","","0,25%"
"03.09.2007","25,6030","25,6495","25,6605","25,5713","","-0,19%"
"31.08.2007","25,6510","25,6533","25,6597","25,5700","","0,10%"
"30.08.2007","25,6257","25,6287","25,6995","25,6198","","-0,07%"
"29.08.2007","25,6435","25,7475","25,7880","25,6307","","-0,30%"
"28.08.2007","25,7194","25,6726","25,7417","25,6117","","0,21%"
"27.08.2007","25,6662","25,6770","25,7000","25,6094","","-0,04%"
"24.08.2007","25,6753","25,7268","25,7920","25,6758","","-0,20%"
"23.08.2007","25,7280","25,7591","25,7695","25,6635","","-0,14%"
"22.08.2007","25,7643","25,8942","25,9137","25,7496","","-0,50%"
"21.08.2007","25,8936","25,7740","25,9250","25,7498","","0,39%"
"20.08.2007","25,7939","25,7795","25,8075","25,7005","","0,06%"
"17.08.2007","25,7790","25,7780","25,8265","25,6885","","-0,05%"
"16.08.2007","25,7925","25,7091","25,8279","25,7091","","0,39%"
"15.08.2007","25,6935","25,5985","25,7165","25,5955","","0,39%"
"14.08.2007","25,5945","25,5409","25,6056","25,5025","","0,25%"
"13.08.2007","25,5314","25,4590","25,5460","25,4370","","0,28%"
"10.08.2007","25,4592","25,4556","25,5229","25,4378","","0,02%"
"09.08.2007","25,4550","25,4353","25,4813","25,2980","","0,09%"
"08.08.2007","25,4325","25,4727","25,4984","25,4050","","-0,10%"
"07.08.2007","25,4580","25,4870","25,4914","25,4125","","-0,09%"
"06.08.2007","25,4820","25,4473","25,4981","25,4275","","0,02%"
"03.08.2007","25,4760","25,5688","25,5795","25,4708","","-0,37%"
"02.08.2007","25,5705","25,5857","25,6240","25,5623","","-0,10%"
"01.08.2007","25,5960","25,5680","25,6295","25,5428","","0,15%"
"31.07.2007","25,5570","25,5526","25,5778","25,5175","","0,01%"
"30.07.2007","25,5555","25,5959","25,6328","25,5547","","-0,14%"
"27.07.2007","25,5915","25,4707","25,6145","25,4580","","0,54%"
"26.07.2007","25,4540","25,4875","25,5188","25,4415","","-0,17%"
"25.07.2007","25,4970","25,3880","25,5165","25,3825","","0,43%"
"24.07.2007","25,3875","25,4075","25,4160","25,3645","","-0,09%"
"23.07.2007","25,4100","25,3783","25,4180","25,3627","","0,07%"
"20.07.2007","25,3933","25,4224","25,4346","25,3730","","-0,05%"
"19.07.2007","25,4055","25,4308","25,4609","25,3705","","-0,09%"
"18.07.2007","25,4280","25,4618","25,4843","25,4048","","-0,12%"
"17.07.2007","25,4580","25,4788","25,4834","25,4425","","-0,03%"
"16.07.2007","25,4655","25,4605","25,4956","25,4305","","0,06%"
"13.07.2007","25,4505","25,4949","25,5124","25,4288","","-0,18%"
"12.07.2007","25,4955","25,5345","25,5412","25,4835","","-0,06%"
"11.07.2007","25,5105","25,5350","25,5532","25,4978","","-0,16%"
"10.07.2007","25,5525","25,6588","25,6906","25,5368","","-0,44%"
"09.07.2007","25,6652","25,7021","25,7377","25,6400","","-0,17%"
"06.07.2007","25,7085","25,6913","25,7850","25,6805","","0,04%"
"05.07.2007","25,6995","25,6619","25,7260","25,6225","","0,15%"
"04.07.2007","25,6620","25,6863","25,6899","25,6435","","-0,08%"
"03.07.2007","25,6815","25,6495","25,6964","25,6399","","0,12%"
"02.07.2007","25,6500","25,7148","25,7528","25,6370","","-0,28%"
"29.06.2007","25,7215","25,8168","25,8445","25,7185","","-0,35%"
"28.06.2007","25,8120","25,8211","25,8478","25,7780","","-0,09%"
"27.06.2007","25,8350","25,7959","25,8873","25,7919","","0,20%"
"26.06.2007","25,7835","25,8775","25,8925","25,7407","","-0,38%"
"25.06.2007","25,8825","25,8828","25,9143","25,8625","","-0,02%"
"22.06.2007","25,8885","25,9636","25,9733","25,8806","","-0,27%"
"21.06.2007","25,9583","25,9633","25,9889","25,9375","","0,07%"
"20.06.2007","25,9395","25,9358","25,9600","25,9088","","0,06%"
"19.06.2007","25,9230","25,9414","25,9696","25,8998","","-0,08%"
"18.06.2007","25,9425","25,9693","25,9750","25,9328","","-0,09%"
"15.06.2007","25,9650","26,0427","26,0467","25,9614","","-0,28%"
"14.06.2007","26,0370","26,0393","26,0748","26,0229","","-0,06%"
"13.06.2007","26,0537","26,0395","26,0877","26,0227","","0,19%"
"12.06.2007","26,0050","25,9820","26,0355","25,9688","","0,10%"
"11.06.2007","25,9800","25,9730","26,0153","25,9680","","-0,02%"
"08.06.2007","25,9842","25,9065","26,0215","25,8985","","0,29%"
"07.06.2007","25,9080","25,8371","25,9207","25,8243","","0,28%"
"06.06.2007","25,8362","25,8269","25,8549","25,8000","","0,02%"
"05.06.2007","25,8323","25,8584","25,8624","25,7865","","-0,11%"
"04.06.2007","25,8615","25,8969","25,9088","25,8395","","-0,14%"
"01.06.2007","25,8975","25,8861","25,9474","25,8698","","0,05%"
"31.05.2007","25,8842","25,9124","25,9197","25,8605","","-0,11%"
"30.05.2007","25,9125","25,8940","25,9347","25,8835","","0,05%"
"29.05.2007","25,9005","25,8910","25,9233","25,8205","","0,06%"
"28.05.2007","25,8850","25,8971","25,9025","25,8698","","0,00%"
"25.05.2007","25,8845","25,9059","25,9345","25,8668","","-0,02%"
"24.05.2007","25,8900","25,8830","25,9315","25,8728","","0,03%"
"23.05.2007","25,8830","25,8868","25,9305","25,8325","","0,02%"
"22.05.2007","25,8775","25,8777","25,9232","25,8592","","0,00%"
"21.05.2007","25,8784","25,8244","25,9237","25,8115","","0,23%"
"18.05.2007","25,8197","25,8413","25,8792","25,8086","","-0,09%"
"17.05.2007","25,8435","25,8201","25,8610","25,7905","","0,07%"
"16.05.2007","25,8255","25,7431","25,8350","25,7244","","0,34%"
"15.05.2007","25,7376","25,7942","25,8134","25,7258","","-0,18%"
"14.05.2007","25,7850","25,8042","25,8170","25,7755","","-0,13%"
"11.05.2007","25,8180","25,8550","25,8744","25,8095","","-0,17%"
"10.05.2007","25,8615","25,8134","25,8695","25,7680","","0,29%"
"09.05.2007","25,7871","25,7966","25,8156","25,7738","","-0,04%"
"08.05.2007","25,7985","25,7376","25,8248","25,7125","","0,29%"
"07.05.2007","25,7250","25,7388","25,7505","25,7071","","-0,02%"
"04.05.2007","25,7311","25,7884","25,8090","25,7245","","-0,16%"
"03.05.2007","25,7711","25,7496","25,7925","25,7125","","0,15%"
"02.05.2007","25,7325","25,7357","25,7804","25,7226","","-0,01%"
"01.05.2007","25,7355","25,6978","25,7499","25,6645","","0,22%"
"30.04.2007","25,6800","25,7092","25,7502","25,6555","","-0,08%"
"27.04.2007","25,7010","25,7391","25,7520","25,6566","","-0,10%"
"26.04.2007","25,7260","25,6972","25,7520","25,6705","","0,11%"
"25.04.2007","25,6977","25,7019","25,7220","25,6717","","-0,06%"
"24.04.2007","25,7131","25,7617","25,7922","25,7031","","-0,17%"
"23.04.2007","25,7580","25,7402","25,7959","25,7285","","0,11%"
"20.04.2007","25,7295","25,7296","25,7531","25,7005","","-0,03%"
"19.04.2007","25,7385","25,7285","25,7799","25,7165","","-0,08%"
"18.04.2007","25,7600","25,7680","25,7983","25,7243","","-0,03%"
"17.04.2007","25,7665","25,8093","25,8178","25,7407","","-0,09%"
"16.04.2007","25,7901","25,7824","25,8087","25,7591","","-0,04%"
"13.04.2007","25,8000","25,8480","25,8554","25,7855","","-0,19%"
"12.04.2007","25,8495","25,9100","25,9178","25,8345","","-0,24%"
"11.04.2007","25,9125","25,9040","25,9308","25,8985","","0,01%"
"10.04.2007","25,9110","25,9856","25,9921","25,8848","","-0,29%"
"09.04.2007","25,9860","25,9722","26,0013","25,9585","","0,07%"
"06.04.2007","25,9682","25,9165","25,9814","25,9088","","0,21%"
"05.04.2007","25,9140","25,9753","25,9988","25,8995","","-0,24%"
"04.04.2007","25,9755","26,0170","26,0295","25,9598","","-0,16%"
"03.04.2007","26,0160","25,9808","26,0290","25,9639","","0,16%"
"02.04.2007","25,9748","25,9684","26,0084","25,9627","","0,05%"
"30.03.2007","25,9630","26,0132","26,0552","25,9405","","-0,15%"
"29.03.2007","26,0031","26,0315","26,0427","25,9888","","-0,01%"
"28.03.2007","26,0045","25,9907","26,0295","25,9665","","0,04%"
"27.03.2007","25,9954","26,0135","26,0258","25,9811","","-0,03%"
"26.03.2007","26,0025","26,0599","26,0920","25,9925","","-0,19%"
"23.03.2007","26,0523","26,0129","26,0622","25,9928","","0,14%"
"22.03.2007","26,0150","25,9593","26,0334","25,9297","","-0,10%"
"21.03.2007","26,0400","26,0235","26,0530","26,0155","","0,06%"
"20.03.2007","26,0235","26,0370","26,0725","26,0227","","-0,03%"
"19.03.2007","26,0320","26,0335","26,0626","26,0163","","0,01%"
"16.03.2007","26,0300","26,1165","26,1190","26,0068","","-0,33%"
"15.03.2007","26,1170","26,1250","26,1575","26,1005","","-0,02%"
"14.03.2007","26,1235","26,1555","26,1702","26,0995","","-0,07%"
"13.03.2007","26,1411","26,1664","26,2017","26,1268","","-0,10%"
"12.03.2007","26,1670","26,2285","26,2486","26,1605","","-0,25%"
"09.03.2007","26,2320","26,2245","26,2605","26,1838","","0,04%"
"08.03.2007","26,2210","26,1970","26,2375","26,1755","","0,05%"
"07.03.2007","26,2080","26,2303","26,2434","26,2005","","-0,14%"
"06.03.2007","26,2451","26,2688","26,2769","26,2281","","-0,09%"
"05.03.2007","26,2681","26,1520","26,2857","26,1518","","0,44%"
"02.03.2007","26,1525","26,1619","26,2101","26,1518","","-0,08%"
"01.03.2007","26,1740","26,1139","26,1921","26,1060","","0,22%"
"28.02.2007","26,1173","26,1126","26,1675","26,1057","","0,05%"
"27.02.2007","26,1054","26,1632","26,1915","26,0895","","-0,30%"
"26.02.2007","26,1829","26,1838","26,1984","26,1544","","0,03%"
"23.02.2007","26,1761","26,2257","26,2505","26,1622","","-0,16%"
"22.02.2007","26,2190","26,2083","26,2686","26,2015","","0,02%"
"21.02.2007","26,2149","26,2175","26,2367","26,1864","","-0,01%"
"20.02.2007","26,2174","26,2035","26,2296","26,1695","","0,07%"
"19.02.2007","26,1990","26,2045","26,2380","26,2005","","-0,09%"
"16.02.2007","26,2220","26,2235","26,2675","26,2205","","-0,03%"
"15.02.2007","26,2310","26,2445","26,2465","26,1920","","-0,05%"
"14.02.2007","26,2430","26,3400","26,3532","26,2245","","-0,39%"
"13.02.2007","26,3460","26,3970","26,4171","26,3340","","-0,14%"
"12.02.2007","26,3840","26,3749","26,4302","26,3282","","0,10%"
"09.02.2007","26,3583","26,3185","26,3816","26,3140","","0,15%"
"08.02.2007","26,3190","26,4758","26,4835","26,3150","","-0,57%"
"07.02.2007","26,4705","26,5008","26,5149","26,4638","","-0,15%"
"06.02.2007","26,5110","26,5453","26,5663","26,5085","","-0,10%"
"05.02.2007","26,5370","26,5140","26,5608","26,5075","","0,06%"
"02.02.2007","26,5200","26,4855","26,5250","26,4098","","0,13%"
"01.02.2007","26,4860","26,4725","26,5094","26,4595","","-0,02%"
"31.01.2007","26,4915","26,5328","26,5775","26,4835","","-0,15%"
"30.01.2007","26,5305","26,5365","26,5558","26,5148","","-0,03%"
"29.01.2007","26,5395","26,5610","26,5865","26,5265","","-0,09%"
"26.01.2007","26,5640","26,5431","26,5985","26,5355","","0,26%"
"25.01.2007","26,4940","26,5236","26,5502","26,4820","","-0,11%"
"24.01.2007","26,5230","26,4788","26,5399","26,4710","","0,14%"
"23.01.2007","26,4861","26,5401","26,5569","26,4613","","-0,18%"
"22.01.2007","26,5340","26,5260","26,5630","26,5140","","0,08%"
"19.01.2007","26,5130","26,5195","26,5700","26,4795","","-0,05%"
"18.01.2007","26,5275","26,5580","26,5898","26,5165","","-0,09%"
"17.01.2007","26,5515","26,5756","26,5905","26,5405","","-0,05%"
"16.01.2007","26,5650","26,5677","26,5893","26,5135","","-0,02%"
"15.01.2007","26,5710","26,5819","26,5938","26,5410","","0,00%"
"12.01.2007","26,5700","26,5990","26,6293","26,5540","","-0,07%"
"11.01.2007","26,5875","26,5490","26,6050","26,4780","","0,16%"
"10.01.2007","26,5455","26,4834","26,5540","26,4728","","0,29%"
"09.01.2007","26,4680","26,3845","26,4947","26,3678","","0,33%"
"08.01.2007","26,3820","26,3845","26,3845","26,3845","","0,00%"
"05.01.2007","26,3820","26,3845","26,3845","26,3845","","0,00%"
"04.01.2007","26,3820","26,3100","26,3965","26,3083","","0,29%"
"03.01.2007","26,3050","26,3100","26,3100","26,3095","","0,00%"
"02.01.2007","26,3050","26,3100","26,3100","26,3095","","0,00%"
"01.01.2007","26,3050","26,3255","26,3255","26,3095","","-0,06%"